QT_PROF_PSICOLOGO,QT_PROF_FONAUDIOLOGO,QT_PROF_ASSIST_SOCIAL,IN_MATERIAL_PED_NENHUM,IN_INTERNET_ALUNOS,IN_ACESSO_INTERNET_COMPUTADOR,IN_ACESSIBILIDADE_INEXISTENTE,IN_ESPECIAL_EXCLUSIVA,IN_ACESSIBILIDADE_RAMPAS,IN_BANHEIRO_PNE,CO_ENTIDADE,CO_MESORREGIAO,CO_MICRORREGIAO,CO_UF,CO_MUNICIPIO,NO_ENTIDADE,NECESSIDADE_ESPECIAL,BAIXA_VISAO,DEF_AUDITIVA,DEF_FISICA,DEF_INTELECTUAL,SURDEZ,AUTISMO,RECURSO_LIBRAS,TRANSPORTE_PUBLICO,TRANSP_MICRO_ONIBUS,TRANSP_ONIBUS,TRANSP_VANS_KOMBI,TRANSP_OUTRO_VEICULO,TRANSP_EMBAR_5A15,TRANSP_EMBAR_15A35,TRANSP_EMBAR_35,ESPECIAL_EXCLUSIVA,REGULAR,EJA,PROFISSIONALIZANTE,EDUCACAO_INDIGENA
2.0,0.0,0.0,0.0,1.0,1.0,0.0,0.0,1.0,1.0,11000058,1101,11001,11,1100205,CENTRO DE ENSINO CLASSE A,0,0,0,0,0,0,0,0,0,0,0,0,0,0,0,0,0,38,0,0,0
0.0,0.0,0.0,0.0,1.0,1.0,0.0,0.0,0.0,1.0,11000104,1101,11001,11,1100205,CENTRO EDUC CORA CORALINA,0,0,0,0,0,0,0,0,0,0,0,0,0,0,0,0,0,10,0,0,0
0.0,0.0,0.0,0.0,1.0,1.0,0.0,0.0,1.0,1.0,11000171,1101,11001,11,1100205,CENTRO EDUCACIONAL MOJUCA,0,0,0,0,0,0,0,0,0,0,0,0,0,0,0,0,0,1,0,0,0
1.0,0.0,1.0,0.0,1.0,1.0,0.0,0.0,1.0,1.0,11003090,1101,11001,11,1100205,INSTITUTO MARIA AUXILIADORA,0,0,0,0,0,0,0,0,0,0,0,0,0,0,0,0,0,1,0,0,0
0.0,0.0,0.0,0.0,0.0,0.0,1.0,0.0,0.0,0.0,11003413,1101,11001,11,1100205,EEEFM GENERAL OSORIO,0,0,0,0,0,0,0,0,0,0,0,0,0,0,0,0,0,3,0,0,0
0.0,0.0,0.0,0.0,0.0,0.0,0.0,0.0,1.0,1.0,11006030,1101,11002,11,1100106,EMEIEF JESUS PEREZ,0,0,0,0,0,0,0,0,0,0,0,0,0,0,0,0,0,1,0,0,0
0.0,0.0,0.0,0.0,0.0,0.0,0.0,0.0,1.0,1.0,11006498,1101,11002,11,1100106,EMEIEF SALOMAO SILVA,0,0,0,0,0,0,0,0,0,0,0,0,0,0,0,0,0,7,0,0,0
1.0,0.0,0.0,0.0,1.0,1.0,0.0,0.0,1.0,1.0,11007656,1102,11003,11,1100023,COLEGIO DINAMICO EDUCACAO BASICA,5,0,0,0,2,0,3,0,0,0,0,0,0,0,0,0,0,209,0,0,0
0.0,0.0,0.0,0.0,0.0,0.0,0.0,0.0,1.0,1.0,11009918,1102,11003,11,1100403,EMEF MAURICIO DE NASSAU,1,0,0,0,0,0,1,0,63,0,63,0,0,0,0,0,0,63,0,0,0
0.0,0.0,0.0,0.0,0.0,0.0,0.0,0.0,0.0,1.0,11009950,1102,11003,11,1100403,EMEF OSVALDO DE ANDRADE,0,0,0,0,0,0,0,0,34,0,34,0,0,0,0,0,0,34,0,0,0
0.0,0.0,0.0,0.0,0.0,0.0,0.0,0.0,1.0,1.0,11009977,1102,11003,11,1100403,EMEF PADRE ANGELO SPADARI,0,0,0,0,0,0,0,0,35,0,35,0,0,0,0,0,0,35,0,0,0
0.0,0.0,0.0,0.0,0.0,0.0,0.0,0.0,1.0,1.0,11010037,1102,11003,11,1100403,EMEF RIBEIRO COUTO,0,0,0,0,0,0,0,0,9,0,9,0,0,0,0,0,0,9,0,0,0
0.0,0.0,0.0,0.0,0.0,0.0,1.0,0.0,0.0,0.0,11010126,1102,11003,11,1100403,EMEF UNIAO DO ALTO ALEGRE,0,0,0,0,0,0,0,0,22,0,22,0,0,0,0,0,0,22,0,0,0
1.0,0.0,0.0,0.0,0.0,0.0,1.0,0.0,0.0,0.0,11010932,1102,11003,11,1101401,EMEIMEF MARIO PALMERIO,0,0,0,0,0,0,0,0,10,0,10,0,0,0,0,0,0,10,0,0,0
0.0,0.0,0.0,0.0,1.0,1.0,0.0,0.0,1.0,1.0,11013141,1102,11004,11,1100122,COLEGIO ULBRA SAO PAULO,1,0,0,1,0,0,0,0,0,0,0,0,0,0,0,0,0,52,0,0,0
0.0,0.0,1.0,0.0,1.0,1.0,0.0,0.0,1.0,1.0,11013907,1102,11004,11,1100122,EEEF DR LOURENCO PEREIRA LIMA,2,0,0,0,1,0,0,0,6,0,6,0,0,0,0,0,0,14,0,0,0
0.0,0.0,0.0,0.0,1.0,0.0,0.0,0.0,1.0,1.0,11017660,1102,11004,11,1101559,EMEIEF TARSILA DO AMARAL,0,0,0,0,0,0,0,0,1,0,1,0,0,0,0,0,0,1,0,0,0
0.0,0.0,0.0,0.0,1.0,1.0,0.0,0.0,1.0,1.0,11019948,1102,11004,11,1101302,EEEFM MIGRANTES,0,0,0,0,0,0,0,0,2,0,2,0,0,0,0,0,0,3,0,0,0
0.0,0.0,0.0,0.0,1.0,1.0,0.0,0.0,1.0,1.0,11027290,1102,11006,11,1100049,ESCOLA DE EDUCACAO BASICA E PROFISSIONAL ANTONIO SANCHEZ DE LARRAGOITI Y CURDUMI,0,0,0,0,0,0,0,0,0,0,0,0,0,0,0,0,0,144,0,0,0
0.0,0.0,0.0,0.0,1.0,1.0,0.0,0.0,1.0,1.0,11027878,1102,11006,11,1100098,EEEF MARIA LOURENCO CASSIANO,2,0,0,0,2,0,0,0,12,0,12,0,0,0,0,0,0,22,0,0,0
0.0,0.0,0.0,0.0,1.0,1.0,0.0,0.0,1.0,1.0,11028335,1102,11006,11,1100098,EMEIEF TANCREDO DE ALMEIDA NEVES,1,0,0,0,1,0,0,0,49,4,45,0,0,0,0,0,0,88,0,0,0
0.0,0.0,1.0,0.0,1.0,1.0,0.0,0.0,1.0,1.0,11033487,1102,11007,11,1100304,EEEF MACHADO DE ASSIS,0,0,0,0,0,0,0,0,0,0,0,0,0,0,0,0,0,3,0,0,0
1.0,0.0,0.0,0.0,1.0,1.0,0.0,0.0,1.0,1.0,11033576,1102,11007,11,1100304,EEEF PAULO FREIRE,0,0,0,0,0,0,0,0,0,0,0,0,0,0,0,0,0,16,0,0,0
0.0,0.0,0.0,0.0,1.0,1.0,0.0,0.0,1.0,1.0,11033738,1102,11007,11,1100304,COLEGIO SANTA LUCIA FILIPPINI,0,0,0,0,0,0,0,0,0,0,0,0,0,0,0,0,0,45,0,0,0
0.0,0.0,0.0,0.0,0.0,0.0,1.0,0.0,0.0,1.0,11034173,1102,11008,11,1100031,EMEIEF MARCO IRIS,1,0,0,0,1,0,0,0,1,0,1,0,0,0,0,0,0,1,0,0,0
0.0,0.0,0.0,0.0,1.0,1.0,0.0,0.0,1.0,1.0,11034440,1102,11008,11,1100031,EEEFM JOSE DE ANCHIETA,0,0,0,0,0,0,0,0,1,0,1,0,0,0,0,0,0,14,0,0,0
0.0,0.0,0.0,0.0,1.0,1.0,0.0,0.0,1.0,0.0,11034696,1102,11008,11,1100056,EEEF FLORIANO PEIXOTO,0,0,0,0,0,0,0,0,0,0,0,0,0,0,0,0,0,3,0,0,0
0.0,0.0,0.0,0.0,1.0,1.0,0.0,0.0,1.0,1.0,11035960,1102,11008,11,1100064,EEEFM PAULO DE ASSIS RIBEIRO,3,0,1,0,1,0,1,0,2,0,2,0,0,0,0,0,0,42,0,0,0
1.0,0.0,0.0,0.0,0.0,0.0,0.0,0.0,1.0,1.0,11037474,1101,11001,11,1100205,CENTRO DE ENSINO MINEIRO,0,0,0,0,0,0,0,0,0,0,0,0,0,0,0,0,0,44,0,0,0
0.0,0.0,0.0,0.0,0.0,0.0,1.0,0.0,0.0,0.0,11039841,1102,11008,11,1100031,EMEIEF CHICO SOLDADO,4,0,0,0,4,0,1,0,4,1,3,0,0,0,0,0,0,37,0,0,0
0.0,0.0,0.0,0.0,1.0,0.0,0.0,0.0,1.0,1.0,11040629,1101,11001,11,1100205,EEEFM JAYME PEIXOTO DE ALENCAR,0,0,0,0,0,0,0,0,4,0,4,0,0,0,0,0,0,9,0,0,0
0.0,0.0,1.0,0.0,1.0,1.0,0.0,0.0,1.0,1.0,11041196,1102,11004,11,1101559,EMEF SEBASTIAO AMORIM DA SILVA,0,0,0,0,0,0,0,0,15,0,15,0,0,0,0,0,0,26,0,0,0
1.0,0.0,1.0,0.0,0.0,0.0,0.0,0.0,1.0,1.0,11041277,1102,11006,11,1100049,EIEEF JOAO EVANGELISTA DIAS,0,0,0,0,0,0,0,0,0,0,0,0,0,0,0,0,0,6,0,0,6
0.0,0.0,0.0,0.0,1.0,1.0,0.0,0.0,1.0,1.0,11042621,1102,11007,11,1100189,EMEIEF PROF EMANUEL OSVALDO MOREIRA,0,0,0,0,0,0,0,0,14,0,14,0,0,0,0,0,0,15,0,0,0
0.0,0.0,0.0,0.0,0.0,0.0,0.0,0.0,1.0,1.0,11043458,1101,11002,11,1100106,EMEIEF PROFª MARIA LIBERTY DE FREITAS,0,0,0,0,0,0,0,0,0,0,0,0,0,0,0,0,0,1,0,0,0
0.0,0.0,0.0,0.0,1.0,1.0,0.0,0.0,0.0,1.0,11043857,1101,11001,11,1100205,COLEGIO CLASSE A,0,0,0,0,0,0,0,0,0,0,0,0,0,0,0,0,0,24,0,0,0
0.0,0.0,0.0,0.0,0.0,0.0,0.0,0.0,1.0,1.0,11044527,1102,11006,11,1100098,EMEIEF SIMONE MOURA ROSA,1,0,0,0,1,0,0,0,2,0,2,0,0,0,0,0,0,11,0,0,0
0.0,0.0,0.0,0.0,0.0,0.0,0.0,0.0,1.0,0.0,11046210,1101,11001,11,1100338,EMEIF OSVALDO RIBEIRO DO NASCIMENTO,1,0,0,0,1,0,0,0,21,0,21,0,0,0,0,0,0,21,0,0,0
0.0,0.0,0.0,0.0,0.0,0.0,0.0,0.0,1.0,1.0,11048247,1101,11001,11,1100338,EEEFM PROFESSORA MARIA LAURINDA GROFF,0,0,0,0,0,0,0,0,4,0,4,0,0,0,0,0,0,24,1,0,0
0.0,0.0,0.0,0.0,1.0,0.0,0.0,0.0,1.0,1.0,11048620,1102,11003,11,1100023,EEEMTI PROFESSORA CARMEM IONE DE ARAUJO,2,0,0,1,2,0,0,0,0,0,0,0,0,0,0,0,0,42,0,0,0
1.0,0.0,1.0,0.0,1.0,1.0,0.0,0.0,0.0,1.0,11049006,1101,11001,11,1100205,MAPLE BEAR PORTO VELHO,0,0,0,0,0,0,0,0,0,0,0,0,0,0,0,0,0,13,0,0,0
0.0,0.0,0.0,1.0,0.0,0.0,0.0,0.0,1.0,1.0,12001228,1201,12001,12,1200203,ESC PLACIDO DE CASTRO,2,0,0,0,2,0,0,0,0,0,0,0,0,0,0,0,0,12,0,0,0
1.0,0.0,0.0,0.0,1.0,1.0,0.0,0.0,1.0,1.0,12010910,1202,12004,12,1200401,ESC CENTRO DE INTEGRACAO E CULTURA ALTERNATIVO,0,0,0,0,0,0,0,0,0,0,0,0,0,0,0,0,0,2,0,0,0
1.0,0.0,0.0,0.0,0.0,0.0,0.0,0.0,1.0,1.0,12019062,1202,12004,12,1200401,ESC DE ENSINO FUNDAMENTAL ABC,0,0,0,0,0,0,0,0,0,0,0,0,0,0,0,0,0,8,0,0,0
0.0,0.0,0.0,0.0,0.0,0.0,0.0,0.0,1.0,1.0,12020192,1202,12004,12,1200401,ESC MANOEL MACHADO,0,0,0,0,0,0,0,0,0,0,0,0,0,0,0,0,0,1,0,0,0
0.0,0.0,0.0,0.0,1.0,1.0,1.0,0.0,0.0,0.0,13007920,1302,13003,13,1304062,ESC MUL INDIGENA EWARE MOWATCHA,0,0,0,0,0,0,0,0,2,0,0,0,0,0,2,0,0,2,0,0,2
0.0,0.0,0.0,0.0,0.0,0.0,0.0,0.0,0.0,0.0,13014862,1303,13006,13,1300102,ESC BOM JARDIM,0,0,0,0,0,0,0,0,1,0,0,0,0,0,1,0,0,10,0,0,0
0.0,0.0,1.0,0.0,1.0,1.0,0.0,0.0,0.0,1.0,13025228,1303,13007,13,1302603,REDE SESI DE EDUCACAO - AMAZONAS - UNIDADE DE EDUCACAO DRA EMINA BARBOSA MUSTAFA,2,1,0,0,2,0,0,0,0,0,0,0,0,0,0,0,0,28,0,0,0
2.0,0.0,0.0,0.0,1.0,1.0,0.0,0.0,1.0,1.0,13025376,1303,13007,13,1302603,ESCOLA ADVENTISTA DA ALVORADA,0,0,0,0,0,0,0,0,0,0,0,0,0,0,0,0,0,28,0,0,0
0.0,0.0,0.0,0.0,0.0,0.0,0.0,0.0,1.0,1.0,13025694,1303,13007,13,1302603,CENTRO EDUCACIONAL RAIMUNDO BELO FERREIRA,0,0,0,0,0,0,0,0,0,0,0,0,0,0,0,0,0,21,0,0,0
2.0,1.0,1.0,0.0,1.0,1.0,0.0,0.0,1.0,1.0,13025872,1303,13007,13,1302603,CENTRO EDUCACIONAL LATO SENSU,0,0,0,0,0,0,0,0,0,0,0,0,0,0,0,0,0,106,0,0,0
0.0,0.0,0.0,0.0,1.0,1.0,0.0,0.0,1.0,1.0,13026194,1303,13007,13,1302603,CENTRO EDUCACIONAL LA SALLE,0,0,0,0,0,0,0,0,0,0,0,0,0,0,0,0,0,12,0,0,0
0.0,0.0,1.0,0.0,1.0,1.0,0.0,0.0,1.0,1.0,13030930,1303,13007,13,1302603,ESCOLA SANTA MARIA MAZZARELLO,0,0,0,0,0,0,0,0,0,0,0,0,0,0,0,0,0,11,0,0,0
1.0,0.0,0.0,0.0,1.0,9.0,0.0,0.0,1.0,1.0,13031791,1303,13007,13,1302603,INSTITUTO BATISTA IDA NELSON,1,0,0,0,0,0,1,0,0,0,0,0,0,0,0,0,0,29,0,0,0
0.0,0.0,0.0,0.0,0.0,0.0,1.0,0.0,0.0,0.0,13038028,1303,13010,13,1300508,ESC INDIGENA PROFª ROSA CABRAL,0,0,0,0,0,0,0,0,2,0,0,0,0,2,0,0,0,10,0,0,10
0.0,0.0,0.0,0.0,0.0,0.0,0.0,0.0,1.0,0.0,13038885,1303,13010,13,1300508,ESC NOSSA SENHORA DO LIVRAMENTO,0,0,0,0,0,0,0,0,3,0,0,0,0,0,3,0,0,41,0,0,0
0.0,0.0,0.0,0.0,0.0,0.0,0.0,0.0,1.0,0.0,13038915,1303,13010,13,1300508,ESC SANTA MARIA-LAGO PRETO,0,0,0,0,0,0,0,0,7,0,0,0,0,3,4,0,0,75,0,0,0
0.0,0.0,0.0,0.0,0.0,0.0,0.0,0.0,1.0,0.0,13049500,1304,13013,13,1300805,ESC PROF ALCIDES BRANDAO DE SA,2,0,0,0,0,0,2,0,0,0,0,0,0,0,0,0,0,23,0,0,0
1.0,0.0,0.0,0.0,1.0,1.0,0.0,0.0,1.0,1.0,13064207,1303,13007,13,1302603,INSTITUTO DE EDUCACAO PROF DENIZARD RIVAIL,0,0,0,0,0,0,0,0,0,0,0,0,0,0,0,0,0,10,0,0,0
0.0,0.0,1.0,0.0,0.0,0.0,0.0,0.0,1.0,1.0,13068253,1303,13007,13,1302603,INSTITUTO DE EDUCACAO JOIAS DE CRISTO,0,0,0,0,0,0,0,0,0,0,0,0,0,0,0,0,0,9,0,0,0
0.0,0.0,0.0,0.0,0.0,0.0,1.0,0.0,0.0,0.0,13076566,1302,13003,13,1302306,ESC MUL CAIO DE ARAUJO LASMAR,0,0,0,0,0,0,0,0,0,0,0,0,0,0,0,0,0,17,0,0,0
1.0,0.0,0.0,0.0,0.0,0.0,0.0,0.0,1.0,0.0,13079565,1303,13007,13,1302504,CENTRO DE EDUCACAO APRENDER BUSCAR CONHECER,0,0,0,0,0,0,0,0,0,0,0,0,0,0,0,0,0,26,0,0,0
1.0,0.0,0.0,0.0,0.0,0.0,0.0,0.0,1.0,1.0,13080954,1303,13007,13,1302603,INSTITUTO BRASILEIRO DE EDUCACAO ESTER,0,0,0,0,0,0,0,0,0,0,0,0,0,0,0,0,0,8,0,0,0
0.0,0.0,0.0,0.0,0.0,0.0,1.0,0.0,0.0,1.0,13100157,1302,13003,13,1302306,CENTRO MUNICIPAL DE ENSINO DEUSUILA DE PAULA AGUIAR,0,0,0,0,0,0,0,0,0,0,0,0,0,0,0,0,0,14,0,0,0
1.0,0.0,1.0,0.0,1.0,1.0,0.0,0.0,1.0,1.0,13168207,1303,13007,13,1302603,CENTRO EDUCACIONAL ADALBERTO VALLE - UNIDADE I,0,0,0,0,0,0,0,0,0,0,0,0,0,0,0,0,0,4,0,0,0
0.0,0.0,0.0,0.0,1.0,1.0,0.0,0.0,1.0,1.0,14000776,1401,14001,14,1400100,ESCOLA ESTADUAL CARLOS DRUMOND DE ANDRADE,0,0,0,0,0,0,0,0,0,0,0,0,0,0,0,0,0,6,0,0,0
1.0,0.0,0.0,0.0,0.0,0.0,0.0,0.0,0.0,1.0,14000792,1401,14001,14,1400100,CENTRO EDUCACIONAL OBJETIVO MACUNAIMA,4,0,0,2,2,0,2,0,0,0,0,0,0,0,0,0,0,38,0,0,0
0.0,0.0,0.0,0.0,0.0,0.0,0.0,0.0,1.0,1.0,14003651,1402,14003,14,1400209,ESCOLA MUNICIPAL IDNEA BARBOSA FERREIRA,0,0,0,0,0,0,0,0,0,0,0,0,0,0,0,0,0,3,0,0,0
0.0,0.0,0.0,0.0,1.0,0.0,0.0,0.0,1.0,1.0,14003694,1402,14003,14,1400209,ESCOLA MUNICIPAL MANOEL PEREIRA DA COSTA,0,0,0,0,0,0,0,0,0,0,0,0,0,0,0,0,0,5,0,0,0
0.0,0.0,2.0,0.0,1.0,1.0,0.0,0.0,1.0,1.0,14003724,1402,14003,14,1400209,ESCOLA ESTADUAL PRESIDENTE CASTELO BRANCO,0,0,0,0,0,0,0,0,3,3,0,0,0,0,0,0,0,12,0,0,0
1.0,0.0,0.0,0.0,1.0,1.0,0.0,0.0,0.0,1.0,14006111,1401,14001,14,1400100,COLEGIO DE APLICACAO DA UFRR,0,0,0,0,0,0,0,0,0,0,0,0,0,0,0,0,0,56,0,0,0
0.0,0.0,0.0,1.0,1.0,0.0,1.0,0.0,0.0,0.0,14007240,1402,14003,14,1400209,ESCOLA MUNICIPAL MANOEL REINALDO MONTEIRO BRITO,0,0,0,0,0,0,0,0,11,11,0,0,0,0,0,0,0,11,0,0,0
0.0,0.0,0.0,0.0,1.0,1.0,1.0,0.0,0.0,0.0,14320398,1401,14001,14,1400100,ESCOLA ESTADUAL PROFESSORA FRANCISCA ELZIKA DE SOUZA COELHO,0,0,0,0,0,0,0,0,0,0,0,0,0,0,0,0,0,10,0,0,0
0.0,0.0,0.0,0.0,0.0,0.0,0.0,0.0,0.0,0.0,14321106,1401,14001,14,1400100,ESCOLA MUNICIPAL VOVO JULIA,1,0,0,0,1,0,0,0,0,0,0,0,0,0,0,0,0,1,0,0,0
0.0,0.0,0.0,0.0,1.0,1.0,1.0,0.0,0.0,1.0,14321572,1402,14004,14,1400605,ESCOLA ESTADUAL PROFESSOR DARCI RIBEIRO,0,0,0,0,0,0,0,0,2,0,0,0,2,0,0,0,0,5,0,0,0
0.0,0.0,0.0,0.0,1.0,1.0,0.0,0.0,1.0,1.0,14322641,1401,14002,14,1400159,COLEGIO ESTADUAL MILITARIZADO ALDEBARO JOSE ALCANTARA,0,0,0,0,0,0,0,0,0,0,0,0,0,0,0,0,0,3,0,0,0
0.0,0.0,0.0,0.0,1.0,0.0,1.0,0.0,0.0,0.0,14322862,1402,14004,14,1400506,ESCOLA MUNICIPAL PEDRO DE SOUZA SANTOS,0,0,0,0,0,0,0,0,0,0,0,0,0,0,0,0,0,1,0,0,0
1.0,0.0,0.0,0.0,0.0,0.0,0.0,0.0,1.0,1.0,14324636,1401,14001,14,1400100,CENTRO DE EDUCACAO SESC,3,0,0,0,2,0,1,0,0,0,0,0,0,0,0,0,0,159,0,0,0
0.0,0.0,1.0,0.0,1.0,1.0,0.0,0.0,1.0,0.0,15011070,1501,15002,15,1506807,COLEGIO DOM AMANDO,10,0,0,0,2,0,8,0,0,0,0,0,0,0,0,0,0,156,0,0,0
1.0,0.0,1.0,0.0,1.0,1.0,0.0,0.0,1.0,1.0,15011097,1501,15002,15,1506807,COLEGIO SANTA CLARA,1,0,0,0,0,0,1,0,0,0,0,0,0,0,0,0,0,25,0,0,0
0.0,0.0,0.0,0.0,1.0,1.0,0.0,0.0,1.0,1.0,15012115,1501,15002,15,1506807,E M E F CEL MARIO FERNANDES IMBIRIBA,0,0,0,0,0,0,0,0,0,0,0,0,0,0,0,0,0,23,0,0,0
0.0,0.0,0.0,0.0,0.0,0.0,1.0,0.0,0.0,0.0,15012255,1501,15002,15,1506807,E M E I F MAGALHAES BARATA,0,0,0,0,0,0,0,0,0,0,0,0,0,0,0,0,0,3,0,0,0
0.0,0.0,0.0,0.0,0.0,0.0,0.0,0.0,1.0,1.0,15012522,1501,15002,15,1506807,E M E I F FLUMINENSE,0,0,0,0,0,0,0,0,0,0,0,0,0,0,0,0,0,21,0,0,0
0.0,0.0,0.0,0.0,0.0,0.0,0.0,0.0,1.0,1.0,15012883,1501,15002,15,1506807,E M E F MARIA DE LOURDES ALMEIDA,3,0,0,0,3,0,1,0,0,0,0,0,0,0,0,0,0,74,0,0,0
0.0,0.0,0.0,0.0,1.0,1.0,0.0,0.0,1.0,1.0,15013430,1501,15002,15,1506807,E M E I E F PAULO RODRIGUES DOS SANTOS,0,0,0,0,0,0,0,0,0,0,0,0,0,0,0,0,0,3,0,0,0
0.0,0.0,0.0,0.0,1.0,1.0,0.0,0.0,1.0,1.0,15013472,1501,15002,15,1506807,E M E I E F PE MANUEL ALBUQUERQUE,0,0,0,0,0,0,0,0,0,0,0,0,0,0,0,0,0,12,0,0,0
0.0,0.0,0.0,0.0,1.0,1.0,0.0,0.0,1.0,1.0,15013650,1501,15002,15,1506807,E M E F PROFA ROSINEIDE FONSECA VIEIRA,0,0,0,0,0,0,0,0,0,0,0,0,0,0,0,0,0,2,0,0,0
0.0,0.0,0.0,0.0,1.0,1.0,0.0,0.0,1.0,1.0,15013685,1501,15002,15,1506807,E M E I E F PROFA HILDA MOTA,0,0,0,0,0,0,0,0,0,0,0,0,0,0,0,0,0,1,0,0,0
0.0,0.0,0.0,0.0,0.0,0.0,0.0,0.0,1.0,0.0,15015297,1501,15002,15,1506807,E E I F BRANCA DE NEVE,0,0,0,0,0,0,0,0,0,0,0,0,0,0,0,0,0,1,0,0,0
0.0,0.0,0.0,0.0,0.0,0.0,1.0,0.0,0.0,0.0,15016862,1501,15003,15,1500503,E M E F VER ORIVALDO DE OLIVEIRA CARVALHO,0,0,0,0,0,0,0,0,35,0,0,0,0,5,30,0,0,35,0,0,0
0.0,0.0,0.0,0.0,0.0,0.0,1.0,0.0,0.0,0.0,15016943,1501,15003,15,1500503,E M E F FE EM DEUS - VILA FE EM DEUS,0,0,0,0,0,0,0,0,2,0,0,0,0,1,1,0,0,2,0,0,0
0.0,0.0,0.0,0.0,0.0,0.0,1.0,0.0,0.0,0.0,15016951,1501,15003,15,1500503,E M E F FREI FRAGOSO - RECREIO,0,0,0,0,0,0,0,0,1,0,0,0,0,0,1,0,0,1,0,0,0
0.0,0.0,0.0,0.0,0.0,0.0,1.0,0.0,0.0,0.0,15016986,1501,15003,15,1500503,E M E F LAURO SODRE - MENINO DEUS,0,0,0,0,0,0,0,0,15,0,0,0,0,3,12,0,0,15,0,0,0
0.0,0.0,0.0,0.0,0.0,0.0,1.0,0.0,0.0,0.0,15017095,1501,15003,15,1500503,E M E F MARILENE DA SILVA GOMES,0,0,0,0,0,0,0,0,10,0,0,0,0,10,0,0,0,10,0,0,0
0.0,0.0,0.0,0.0,0.0,0.0,1.0,0.0,0.0,0.0,15017109,1501,15003,15,1500503,E M E F NSRA DA CONCEICAO - JUTAI,0,0,0,0,0,0,0,0,3,0,0,0,0,1,2,0,0,3,0,0,0
0.0,0.0,0.0,0.0,0.0,0.0,0.0,0.0,1.0,1.0,15017150,1501,15003,15,1500503,E M E F PROF IERECE DA SILVA SANTOS,0,0,0,0,0,0,0,0,0,0,0,0,0,0,0,0,0,5,0,0,0
0.0,0.0,0.0,0.0,0.0,0.0,1.0,0.0,0.0,0.0,15017176,1501,15003,15,1500503,E M E F SANTA CRUZ - SANTA CRUZ,0,0,0,0,0,0,0,0,17,0,0,0,0,6,11,0,0,17,0,0,0
0.0,0.0,0.0,0.0,0.0,0.0,1.0,0.0,0.0,0.0,15017230,1501,15003,15,1500503,E M E F SAO FRANCISCO - ILHA DO IPANEMA,0,0,0,0,0,0,0,0,1,0,0,0,0,1,0,0,0,1,0,0,0
0.0,0.0,0.0,0.0,0.0,0.0,0.0,0.0,1.0,0.0,15017257,1501,15003,15,1500503,E M E F SAO GABRIEL,1,0,0,0,0,0,1,0,4,4,0,0,0,0,0,0,0,5,0,0,0
0.0,0.0,0.0,0.0,0.0,0.0,1.0,0.0,0.0,0.0,15017265,1501,15003,15,1500503,E M E F SAO JOAO - JUTAI,0,0,0,0,0,0,0,0,1,0,0,0,0,1,0,0,0,1,0,0,0
0.0,0.0,0.0,0.0,0.0,0.0,1.0,0.0,0.0,0.0,15017273,1501,15003,15,1500503,E M E F SAO JUDAS TADEU - PRAIA VERDE,0,0,0,0,0,0,0,0,6,0,0,0,0,2,4,0,0,6,0,0,0
0.0,0.0,0.0,0.0,0.0,0.0,1.0,0.0,0.0,0.0,15017303,1501,15003,15,1500503,E M E F SAO SEBASTIAO-ACARAPI,0,0,0,0,0,0,0,0,7,0,0,0,0,0,7,0,0,7,0,0,0
0.0,0.0,0.0,1.0,0.0,0.0,1.0,0.0,0.0,0.0,15017419,1501,15003,15,1500503,E M E F FE E ESPERANCA - BOA FE,0,0,0,0,0,0,0,0,17,0,0,0,0,17,0,0,0,17,0,0,0
0.0,0.0,0.0,0.0,0.0,0.0,1.0,0.0,0.0,0.0,15017451,1501,15003,15,1500503,E M E F JOSE CESARIO - ARUMANDUBA,0,0,0,0,0,0,0,0,3,0,0,0,0,3,0,0,0,3,0,0,0
0.0,0.0,0.0,0.0,0.0,0.0,1.0,0.0,0.0,0.0,15017532,1501,15003,15,1500503,E M E F SAO JOAO - VILA SARACURA,0,0,0,0,0,0,0,0,5,0,0,0,0,0,5,0,0,5,0,0,0
0.0,0.0,0.0,0.0,0.0,0.0,1.0,0.0,0.0,0.0,15017540,1501,15003,15,1500503,E M E F SAO JOSE - VILA PESQUISA RIO ARRAIOLOS,0,0,0,0,0,0,0,0,4,0,0,0,0,1,3,0,0,4,0,0,0
0.0,0.0,0.0,0.0,0.0,0.0,1.0,0.0,0.0,0.0,15017648,1501,15003,15,1500503,E M E I E F PROF ANTONIO GOMES MOREIRA JUNIOR,0,0,0,0,0,0,0,0,0,0,0,0,0,0,0,0,0,24,0,0,0
0.0,0.0,0.0,0.0,0.0,0.0,1.0,0.0,0.0,0.0,15024490,1502,15005,15,1500701,E M E F LEOVEGILDO TABOSA,0,0,0,0,0,0,0,0,17,0,0,0,0,0,17,0,0,22,0,0,0
0.0,0.0,0.0,0.0,1.0,1.0,0.0,0.0,1.0,0.0,15033880,1503,15007,15,1500800,CENTRO EDUCACIONAL DA EMILIA,1,0,0,0,1,0,0,0,0,0,0,0,0,0,0,0,0,53,0,0,0
0.0,0.0,0.0,0.0,1.0,1.0,0.0,0.0,1.0,1.0,15037622,1503,15007,15,1501402,CENTRO DE SERVICOS EDUCACIONAIS DO PARA,0,0,0,0,0,0,0,0,0,0,0,0,0,0,0,0,0,38,0,0,0
0.0,0.0,0.0,0.0,1.0,1.0,0.0,0.0,1.0,1.0,15037630,1503,15007,15,1501402,E E I F MEU PEDACINHO DO CEU,0,0,0,0,0,0,0,0,0,0,0,0,0,0,0,0,0,8,0,0,0
0.0,0.0,5.0,0.0,1.0,1.0,0.0,0.0,1.0,1.0,15038424,1503,15007,15,1501402,COLEGIO MARISTA NOSSA SENHORA DE NAZARE,8,0,0,2,1,0,5,0,0,0,0,0,0,0,0,0,0,546,0,0,0
0.0,0.0,0.0,0.0,1.0,1.0,0.0,0.0,0.0,1.0,15038637,1503,15007,15,1501402,COOPERATIVA EDUC NOSSA ESC LTDA,0,0,0,0,0,0,0,0,0,0,0,0,0,0,0,0,0,4,0,0,0
3.0,0.0,2.0,0.0,1.0,1.0,0.0,0.0,1.0,1.0,15038688,1503,15007,15,1501402,ESCOLA DE APLICACAO DA UFPA,6,1,1,1,1,0,2,0,0,0,0,0,0,0,0,0,0,264,0,0,0
1.0,0.0,0.0,0.0,0.0,0.0,0.0,0.0,1.0,1.0,15038904,1503,15007,15,1501402,ESCOLA ADVENTISTA DA MARAMBAIA,0,0,0,0,0,0,0,0,0,0,0,0,0,0,0,0,0,33,0,0,0
3.0,1.0,1.0,0.0,1.0,1.0,0.0,0.0,1.0,1.0,15039153,1503,15007,15,1501402,COLEGIO TENENTE REGO BARROS,5,0,2,3,0,0,0,0,0,0,0,0,0,0,0,0,0,234,0,0,0
0.0,1.0,0.0,0.0,0.0,0.0,0.0,0.0,1.0,1.0,15041107,1503,15007,15,1501402,E E I F NOSSA SRA DO PERPETUO SOCORRO,0,0,0,0,0,0,0,0,0,0,0,0,0,0,0,0,0,18,0,0,0
1.0,0.0,1.0,0.0,1.0,1.0,0.0,0.0,1.0,1.0,15042391,1503,15007,15,1501402,COLEGIO NSRA DE LOURDES,5,0,2,0,2,0,1,0,0,0,0,0,0,0,0,0,0,102,0,0,0
0.0,0.0,1.0,0.0,1.0,1.0,0.0,0.0,1.0,1.0,15043436,1503,15007,15,1501402,ANBEAS - COLEGIO NOSSA SENHORA DO O,0,0,0,0,0,0,0,0,0,0,0,0,0,0,0,0,0,124,0,0,0
0.0,0.0,0.0,0.0,0.0,0.0,1.0,0.0,0.0,1.0,15044068,1503,15007,15,1506351,E M E I F CASULO LIBELULA,0,0,0,0,0,0,0,0,0,0,0,0,0,0,0,0,0,1,0,0,0
0.0,0.0,0.0,0.0,0.0,0.0,1.0,0.0,0.0,0.0,15046850,1503,15008,15,1506500,EMEIF HERMOGENES ANTONIO DOS SANTOS,0,0,0,0,0,0,0,0,0,0,0,0,0,0,0,0,0,4,0,0,0
0.0,0.0,0.0,0.0,1.0,9.0,0.0,0.0,1.0,1.0,15047172,1503,15008,15,1506500,EMEF JOAQUIM SILVA,0,0,0,0,0,0,0,0,10,10,0,0,0,0,0,0,0,7,10,0,0
0.0,0.0,0.0,0.0,0.0,0.0,1.0,0.0,0.0,0.0,15047199,1503,15008,15,1506500,EMEIF NOSSA SENHORA DO CARMO,0,0,0,0,0,0,0,0,4,0,4,0,0,0,0,0,0,21,0,0,0
0.0,0.0,0.0,0.0,0.0,0.0,1.0,0.0,0.0,0.0,15047512,1503,15008,15,1506500,EMEF AGRICOLA MAURICIO MACHADO,1,0,0,1,0,0,0,0,31,0,31,0,0,0,0,0,0,31,0,0,0
0.0,0.0,0.0,0.0,1.0,1.0,0.0,0.0,1.0,1.0,15047539,1503,15008,15,1506500,EMEIF AGRICOLA PROFESSOR SIMPLICIO FERREIRA DE SOUZA,0,0,0,0,0,0,0,0,1,0,1,0,0,0,0,0,0,1,0,0,0
0.0,0.0,0.0,0.0,0.0,0.0,1.0,0.0,0.0,0.0,15047601,1503,15008,15,1506500,EMEIF DE TACAJOS,0,0,0,0,0,0,0,0,5,0,0,0,0,0,5,0,0,11,0,0,0
0.0,0.0,0.0,0.0,0.0,0.0,1.0,0.0,0.0,1.0,15047717,1503,15008,15,1506500,EMEIF NOSSA SENHORA DO PERPETUO SOCORRO,0,0,0,0,0,0,0,0,2,0,2,0,0,0,0,0,0,3,0,0,0
0.0,0.0,0.0,0.0,0.0,0.0,1.0,0.0,0.0,0.0,15047750,1503,15008,15,1506500,EMEIF SAO PEDRO,0,0,0,0,0,0,0,0,5,0,5,0,0,0,0,0,0,5,0,0,0
0.0,0.0,0.0,1.0,0.0,0.0,1.0,0.0,0.0,0.0,15047776,1503,15008,15,1506500,EMEIF SANTO ANTONIO,0,0,0,0,0,0,0,0,1,0,0,0,0,1,0,0,0,1,0,0,0
0.0,0.0,0.0,0.0,0.0,0.0,0.0,0.0,1.0,1.0,15051579,1504,15009,15,1504406,E M E F ELIOFAR A DA COSTA,0,0,0,0,0,0,0,0,12,0,12,0,0,0,0,0,0,12,0,0,0
0.0,0.0,0.0,0.0,0.0,0.0,1.0,0.0,0.0,1.0,15054659,1504,15009,15,1508209,E M E F MADRE NAZARENA SILVA,0,0,0,0,0,0,0,0,0,0,0,0,0,0,0,0,0,2,0,0,0
0.0,0.0,0.0,0.0,1.0,0.0,0.0,0.0,1.0,0.0,15058360,1504,15010,15,1501709,E M E I F PROF JESUINA DO ROSARIO MELO,0,0,0,0,0,0,0,0,0,0,0,0,0,0,0,0,0,6,0,0,0
0.0,0.0,0.0,0.0,1.0,1.0,0.0,0.0,1.0,0.0,15058875,1504,15010,15,1501709,E M E I F PADRE ANGELO MARIA ABENI,2,1,0,1,0,0,0,0,0,0,0,0,0,0,0,0,0,6,4,0,0
0.0,0.0,0.0,0.0,0.0,0.0,0.0,0.0,1.0,0.0,15059995,1504,15010,15,1502202,E M E F FREI HERMES RECANATTI,0,0,0,0,0,0,0,0,1,0,1,0,0,0,0,0,0,10,0,0,0
0.0,0.0,0.0,0.0,0.0,0.0,0.0,0.0,1.0,1.0,15060004,1504,15010,15,1502202,E M E F INACIO FERREIRA DA SILVA,5,0,0,0,5,0,0,0,1,0,0,1,0,0,0,0,0,9,0,0,0
0.0,0.0,0.0,0.0,0.0,0.0,1.0,0.0,0.0,0.0,15060179,1504,15010,15,1502202,E M E F R 45 PROF RAIMUNDA M O BRAGA,0,0,0,0,0,0,0,0,0,0,0,0,0,0,0,0,0,2,0,0,0
0.0,0.0,0.0,0.0,0.0,0.0,1.0,0.0,0.0,0.0,15060268,1504,15010,15,1502202,E M E F SR MIGUEL QUEIROZ,0,0,0,0,0,0,0,0,0,0,0,0,0,0,0,0,0,5,0,0,0
0.0,0.0,0.0,0.0,0.0,0.0,0.0,0.0,0.0,0.0,15060365,1504,15010,15,1502202,E M E F I D 14 ANTONIO DE LIMA RODRIGUES,1,0,0,0,1,0,0,0,6,0,6,0,0,0,0,0,0,14,0,0,0
0.0,0.0,0.0,0.0,0.0,0.0,0.0,0.0,1.0,0.0,15060411,1504,15010,15,1502202,E M E F D 30,0,0,0,0,0,0,0,0,0,0,0,0,0,0,0,0,0,11,0,0,0
0.0,0.0,0.0,0.0,0.0,0.0,1.0,0.0,0.0,0.0,15060497,1504,15010,15,1502202,E M E F D 27 PROFª EUDOXIA ALVES BARBOSA DE FREITAS,0,0,0,0,0,0,0,0,1,0,1,0,0,0,0,0,0,13,0,0,0
1.0,0.0,0.0,0.0,1.0,1.0,0.0,0.0,1.0,1.0,15066886,1504,15011,15,1500107,E PART E I F M INST NSRA DOS ANJOS,0,0,0,0,0,0,0,0,4,0,3,1,0,0,2,0,0,141,0,0,0
0.0,0.0,0.0,0.0,0.0,0.0,0.0,0.0,1.0,1.0,15068358,1504,15011,15,1502103,E M E I F PROFESSORA FRANCISCA ARNAUD DE PINA,0,0,0,0,0,0,0,0,0,0,0,0,0,0,0,0,0,10,0,0,0
0.0,0.0,0.0,0.0,0.0,0.0,0.0,0.0,1.0,1.0,15068579,1504,15011,15,1502103,E M E I F DE BOM JARDIM,3,0,0,0,2,0,1,0,37,21,0,7,0,6,3,0,0,113,0,0,0
0.0,0.0,0.0,0.0,0.0,0.0,1.0,0.0,0.0,0.0,15068641,1504,15011,15,1502103,E M E I F DE CARAPINA,0,0,0,0,0,0,0,0,1,0,0,0,1,0,1,0,0,1,0,0,0
0.0,0.0,0.0,1.0,0.0,0.0,1.0,0.0,0.0,1.0,15069826,1504,15011,15,1502103,E M E I F DE LARANJAL,0,0,0,0,0,0,0,0,39,0,0,0,3,0,31,8,0,39,0,0,0
0.0,0.0,0.0,0.0,0.0,0.0,1.0,0.0,0.0,0.0,15070328,1504,15011,15,1502103,EMEIF MUTUACA,1,0,0,0,1,0,0,0,51,0,0,0,0,0,51,0,0,51,0,0,0
0.0,0.0,0.0,0.0,1.0,1.0,1.0,0.0,0.0,0.0,15072134,1504,15011,15,1502103,E M E I F ACHILLES RANIERI,3,0,0,0,3,0,0,0,24,0,20,0,4,0,4,0,0,24,0,0,0
0.0,0.0,0.0,0.0,0.0,0.0,1.0,0.0,0.0,1.0,15072169,1504,15011,15,1502103,E M E I F DE BAIXO TABATINGA,0,0,0,0,0,0,0,0,10,0,0,0,0,0,9,1,0,28,0,0,0
0.0,0.0,0.0,0.0,0.0,0.0,1.0,0.0,0.0,0.0,15072304,1504,15011,15,1502103,E M E I F JADIELSON DE SOUZA MORAES,1,0,0,1,0,0,0,0,69,0,4,0,0,0,39,26,0,79,0,0,0
0.0,0.0,0.0,0.0,0.0,0.0,0.0,0.0,1.0,1.0,15072460,1504,15011,15,1502103,E M E I F PROFA GLICERIA GUIMARAES,1,0,0,0,0,0,1,0,80,0,0,0,0,0,69,11,0,80,0,0,0
0.0,0.0,0.0,0.0,0.0,0.0,0.0,0.0,1.0,1.0,15072770,1504,15011,15,1502103,E M E I F NOSSA SENHORA DO CARMO,1,0,0,1,0,0,0,0,0,0,0,0,0,0,0,0,0,45,0,0,0
0.0,0.0,0.0,0.0,1.0,1.0,0.0,0.0,1.0,1.0,15078337,1504,15012,15,1500206,E M E F PROFESSORA LUCIMAR DE JESUS SILVA LIMA,0,0,0,0,0,0,0,0,0,0,0,0,0,0,0,0,0,2,0,0,0
0.0,0.0,0.0,0.0,0.0,0.0,1.0,0.0,0.0,0.0,15078558,1504,15012,15,1500206,E M E I F ALFREDO DINIZ LACERDA,0,0,0,0,0,0,0,0,3,0,3,0,0,0,0,0,0,7,0,0,0
0.0,0.0,0.0,0.0,0.0,0.0,0.0,0.0,1.0,1.0,15085503,1504,15012,15,1508001,E M E F DR ANTHODIO BARBOSA,0,0,0,0,0,0,0,0,0,0,0,0,0,0,0,0,0,1,0,0,0
0.0,0.0,0.0,0.0,0.0,0.0,1.0,0.0,0.0,0.0,15085538,1504,15012,15,1508001,E M E I F ESPERANCA,0,0,0,0,0,0,0,0,4,0,4,0,0,0,0,0,0,7,0,0,0
0.0,0.0,0.0,0.0,1.0,1.0,0.0,0.0,0.0,1.0,15086518,1504,15012,15,1508001,E M E I F PROFª ANTONIETA PAIVA MACIEL,0,0,0,0,0,0,0,0,1,0,0,1,0,0,0,0,0,1,0,0,0
0.0,0.0,0.0,0.0,0.0,0.0,0.0,0.0,0.0,0.0,15094871,1504,15013,15,1507201,E M E F D ELIZEU MARIA COROLLI,0,0,0,0,0,0,0,0,9,3,0,0,0,0,6,0,0,22,3,0,0
1.0,0.0,0.0,0.0,1.0,1.0,1.0,0.0,0.0,1.0,15096190,1503,15007,15,1501402,COLEGIO ADVENTISTA DE CORREIOS,0,0,0,0,0,0,0,0,0,0,0,0,0,0,0,0,0,41,0,0,0
0.0,0.0,0.0,0.0,0.0,0.0,0.0,0.0,1.0,1.0,15096734,1503,15008,15,1507003,COLEGIO AUTENTICO,1,0,1,0,0,0,0,0,0,0,0,0,0,0,0,0,0,61,0,0,0
0.0,0.0,0.0,0.0,0.0,0.0,0.0,0.0,1.0,1.0,15096742,1501,15002,15,1506005,E M E F JOSE ALFREDO SILVA HAGE,1,0,0,0,1,0,0,0,1,0,1,0,0,0,0,0,0,1,0,0,0
0.0,0.0,0.0,0.0,0.0,0.0,0.0,0.0,1.0,1.0,15097137,1504,15013,15,1508308,E M E F DR MARIANO ANTUNES - SEDE,0,0,0,0,0,0,0,0,0,0,0,0,0,0,0,0,0,1,0,0,0
0.0,0.0,0.0,0.0,0.0,0.0,0.0,0.0,1.0,1.0,15097153,1504,15013,15,1508308,E M E I F DR ABEL CHAVES - SEDE,1,0,0,0,1,0,0,0,0,0,0,0,0,0,0,0,0,3,3,0,0
1.0,1.0,1.0,0.0,1.0,1.0,0.0,0.0,1.0,1.0,15097250,1503,15007,15,1501402,CENTRO INTEGRADO PRIMEIROS PASSOS,0,0,0,0,0,0,0,0,0,0,0,0,0,0,0,0,0,36,0,0,0
0.0,0.0,0.0,0.0,0.0,0.0,0.0,0.0,1.0,1.0,15097765,1504,15013,15,1508308,E M E F PROF MARIA ALBUQUERQUE LIMA - SEDE,0,0,0,0,0,0,0,0,0,0,0,0,0,0,0,0,0,21,0,0,0
0.0,0.0,0.0,0.0,0.0,0.0,1.0,0.0,0.0,0.0,15097935,1504,15013,15,1508308,E M E F FERNANDO GUILHON - JUCARAL,0,0,0,0,0,0,0,0,0,0,0,0,0,0,0,0,0,41,0,0,0
0.0,0.0,0.0,0.0,0.0,0.0,0.0,0.0,1.0,1.0,15097943,1504,15013,15,1508308,E M E F JOSE PARENTE - MARATAUNA,0,0,0,0,0,0,0,0,0,0,0,0,0,0,0,0,0,42,0,0,0
0.0,0.0,0.0,0.0,0.0,0.0,1.0,0.0,0.0,0.0,15098443,1504,15013,15,1508308,E M E F GEREMIAS PASTANA,0,0,0,0,0,0,0,0,1,0,0,1,0,0,0,0,0,23,0,0,0
0.0,0.0,0.0,0.0,0.0,0.0,0.0,0.0,1.0,0.0,15098508,1504,15013,15,1508308,E M E I F RAIMUNDO DA SILVA CORREA - JAPIM,0,0,0,0,0,0,0,0,3,0,3,0,0,0,0,0,0,8,1,0,0
0.0,0.0,0.0,0.0,0.0,0.0,1.0,0.0,0.0,0.0,15098524,1504,15013,15,1508308,E M E I F RUFINO DO NASCIMENTO - TIMBOZAL,0,0,0,0,0,0,0,0,3,2,1,0,0,0,0,0,0,38,0,0,0
0.0,0.0,1.0,0.0,0.0,0.0,0.0,0.0,0.0,1.0,15098745,1503,15007,15,1501402,CENTRO EDUCACIONAL TRIUNFO,0,0,0,0,0,0,0,0,0,0,0,0,0,0,0,0,0,10,0,0,0
0.0,0.0,0.0,0.0,0.0,0.0,0.0,0.0,0.0,1.0,15098869,1504,15013,15,1508308,E M E F THEMISTOCLES RAMOS BOGEA - ACAITEUA,1,0,0,1,0,0,0,0,2,0,2,0,0,0,0,0,0,17,22,0,0
0.0,0.0,0.0,0.0,0.0,0.0,1.0,0.0,0.0,0.0,15098958,1504,15013,15,1508308,E M E F BOCA DA CIBRASA,0,0,0,0,0,0,0,0,0,0,0,0,0,0,0,0,0,10,0,0,0
0.0,0.0,0.0,0.0,0.0,0.0,0.0,0.0,1.0,1.0,15099075,1506,15021,15,1506138,EMEF PASTOR JOVERCI ALVES,0,0,0,0,0,0,0,0,0,0,0,0,0,0,0,0,0,6,0,0,0
0.0,0.0,0.0,0.0,0.0,0.0,0.0,0.0,1.0,1.0,15099091,1504,15013,15,1508308,E M E I F LUCELINA DE FATIMA SANTOS - CENTRO ALEGRE,0,0,0,0,0,0,0,0,0,0,0,0,0,0,0,0,0,103,0,0,0
0.0,0.0,0.0,0.0,0.0,0.0,1.0,0.0,0.0,0.0,15099202,1504,15013,15,1508308,E M E I F GREGORIO SILVA COELHO - ITA ACU,0,0,0,0,0,0,0,0,0,0,0,0,0,0,0,0,0,41,0,0,0
0.0,0.0,0.0,0.0,1.0,1.0,0.0,0.0,1.0,1.0,15100146,1506,15019,15,1502152,COLEGIO BATISTA ADONAI,0,0,0,0,0,0,0,0,0,0,0,0,0,0,0,0,0,1,0,0,0
0.0,0.0,1.0,0.0,1.0,1.0,0.0,0.0,1.0,1.0,15107000,1506,15019,15,1505536,COLEGIO CONEXAO LTDA- ME,0,0,0,0,0,0,0,0,0,0,0,0,0,0,0,0,0,5,0,0,0
0.0,0.0,0.0,0.0,1.0,1.0,0.0,0.0,1.0,1.0,15111008,1506,15018,15,1505437,COLEGIO PITAGORAS DE OURILANDIA DO NORTE,3,0,0,1,1,0,1,0,0,0,0,0,0,0,0,0,0,106,0,0,0
0.0,0.0,0.0,0.0,0.0,0.0,0.0,0.0,0.0,1.0,15115879,1506,15016,15,1508100,E M E I F PROFª ZOLIMA TENORIO DOS SANTOS,1,1,0,0,1,0,0,0,1,0,1,0,0,0,0,0,0,39,0,0,0
0.0,0.0,0.0,0.0,0.0,0.0,1.0,0.0,0.0,0.0,15116085,1506,15016,15,1508100,E M E F PROFESSORA LAUDECI PEREIRA SOARES,0,0,0,0,0,0,0,0,2,2,0,0,0,0,0,0,0,2,0,0,0
0.0,0.0,0.0,0.0,1.0,1.0,0.0,0.0,1.0,1.0,15124444,1506,15019,15,1502772,E M E F SAO SEBASTIAO,0,0,0,0,0,0,0,0,0,0,0,0,0,0,0,0,0,3,0,0,0
0.0,0.0,0.0,0.0,0.0,0.0,0.0,0.0,1.0,1.0,15124517,1506,15019,15,1502772,E M E F SAO BENEDITO,0,0,0,0,0,0,0,0,0,0,0,0,0,0,0,0,0,18,0,0,0
0.0,0.0,0.0,0.0,0.0,0.0,0.0,0.0,1.0,1.0,15124592,1506,15019,15,1502772,E M E F JOSE RODRIGUES,1,0,0,1,0,0,0,0,1,1,0,0,0,0,0,0,0,44,0,0,0
0.0,0.0,0.0,0.0,1.0,1.0,0.0,0.0,1.0,1.0,15124606,1506,15019,15,1502772,E M E F JUSCELINO KUBITSCHEK,0,0,0,0,0,0,0,0,0,0,0,0,0,0,0,0,0,33,1,0,0
0.0,0.0,0.0,0.0,0.0,0.0,0.0,0.0,1.0,1.0,15124681,1506,15019,15,1502772,ESCOLA MUNICIPAL DE ENSINO FUNDAMENTAL ANGELA MARIA CORREA BEZERRA,0,0,0,0,0,0,0,0,2,0,0,2,0,0,0,0,0,11,0,0,0
0.0,0.0,0.0,0.0,1.0,0.0,1.0,0.0,0.0,0.0,15124690,1506,15019,15,1502772,E M E F PROFª MARIA BELARMINA ALVES DA SILVA,0,0,0,0,0,0,0,0,3,0,3,0,0,0,0,0,0,4,0,0,0
0.0,0.0,0.0,0.0,1.0,1.0,0.0,0.0,1.0,0.0,15124711,1506,15019,15,1502772,E M E F SANTOS DUMONT,0,0,0,0,0,0,0,0,1,0,1,0,0,0,0,0,0,14,0,0,0
0.0,0.0,0.0,0.0,1.0,1.0,0.0,0.0,1.0,1.0,15125815,1506,15019,15,1505536,E M E F CECILIA MEIRELES,0,0,0,0,0,0,0,0,0,0,0,0,0,0,0,0,0,26,0,0,0
0.0,0.0,0.0,0.0,0.0,0.0,0.0,0.0,1.0,1.0,15126668,1506,15020,15,1501758,E M E F BREJO GRANDE DO ARAGUAIA,0,0,0,0,0,0,0,0,5,3,2,0,0,0,0,0,0,27,0,0,0
1.0,0.0,1.0,0.0,0.0,0.0,1.0,0.0,0.0,0.0,15126927,1506,15020,15,1501758,E M E F SILVANA MOURA,0,0,0,0,0,0,0,0,0,0,0,0,0,0,0,0,0,5,0,0,0
0.0,0.0,0.0,0.0,0.0,0.0,0.0,0.0,1.0,1.0,15131084,1506,15021,15,1506138,EMEF IRMA EUNICE,0,0,0,0,0,0,0,0,0,0,0,0,0,0,0,0,0,26,0,0,0
0.0,0.0,0.0,0.0,1.0,1.0,0.0,0.0,1.0,1.0,15131092,1506,15021,15,1506138,COL EDUC CHRISTO REI,0,0,0,0,0,0,0,0,0,0,0,0,0,0,0,0,0,36,0,0,0
0.0,0.0,1.0,0.0,0.0,0.0,0.0,0.0,1.0,0.0,15131106,1506,15021,15,1506138,COLEGIO OBJETIVO DE REDENCAO,0,0,0,0,0,0,0,0,0,0,0,0,0,0,0,0,0,93,0,0,0
0.0,0.0,0.0,0.0,0.0,0.0,0.0,0.0,1.0,1.0,15131319,1506,15021,15,1506138,E M E F ALACID NUNES,0,0,0,0,0,0,0,0,0,0,0,0,0,0,0,0,0,27,0,0,0
0.0,0.0,0.0,0.0,0.0,0.0,0.0,0.0,1.0,1.0,15131335,1506,15021,15,1506138,E M E F IRMA GABRIELA,0,0,0,0,0,0,0,0,1,0,1,0,0,0,0,0,0,21,0,0,0
0.0,0.0,0.0,0.0,0.0,0.0,0.0,0.0,0.0,1.0,15131360,1506,15021,15,1506138,E M E F ESPIRITO SANTO,0,0,0,0,0,0,0,0,13,0,10,3,0,0,0,0,0,13,0,0,0
0.0,0.0,0.0,0.0,0.0,0.0,0.0,0.0,1.0,1.0,15131440,1506,15021,15,1506138,EMEF DIOCESANA IMACULADA CONCEICAO,0,0,0,0,0,0,0,0,0,0,0,0,0,0,0,0,0,2,0,0,0
0.0,0.0,0.0,0.0,0.0,0.0,0.0,0.0,1.0,1.0,15131548,1506,15021,15,1506138,E M E F OTAVIO BATISTA ARANTES,0,0,0,0,0,0,0,0,0,0,0,0,0,0,0,0,0,50,0,0,0
0.0,0.0,0.0,0.0,0.0,0.0,0.0,0.0,1.0,0.0,15131700,1506,15021,15,1506138,E M E F TARLEY ANDRADE,0,0,0,0,0,0,0,0,0,0,0,0,0,0,0,0,0,2,0,0,0
0.0,0.0,0.0,0.0,0.0,0.0,0.0,0.0,1.0,1.0,15132196,1506,15021,15,1506161,E M E F LUCIA HELENA BARTOLOMEI PIRES,0,0,0,0,0,0,0,0,9,6,3,0,0,0,0,0,0,38,0,0,0
0.0,0.0,0.0,0.0,0.0,0.0,0.0,0.0,1.0,1.0,15132439,1506,15021,15,1507458,E M E F RAIMUNDO FERREIRA LIMA,0,0,0,0,0,0,0,0,2,2,0,0,0,0,0,0,0,17,0,0,0
0.0,0.0,0.0,0.0,0.0,0.0,0.0,0.0,1.0,1.0,15132447,1506,15021,15,1507458,EMEF DOM SEBASTIAO TOMAS,0,0,0,0,0,0,0,0,0,0,0,0,0,0,0,0,0,11,0,0,0
0.0,0.0,0.0,0.0,0.0,0.0,1.0,0.0,0.0,0.0,15133320,1506,15021,15,1507458,E M E F MARTIM AFONSO DE SOUSA,0,0,0,0,0,0,0,0,1,0,0,1,0,0,0,0,0,11,0,0,0
0.0,0.0,0.0,0.0,0.0,0.0,0.0,0.0,1.0,1.0,15134520,1506,15022,15,1502707,EMEIEF LUZIA MOURAO DE ALMEIDA,1,0,0,0,1,0,0,0,0,0,0,0,0,0,0,0,0,1,0,0,0
0.0,0.0,0.0,0.0,0.0,0.0,0.0,0.0,1.0,1.0,15135268,1506,15022,15,1502707,EMEIEF MARIA APARECIDA ROSA,7,0,0,0,7,0,2,0,18,15,3,0,0,0,0,0,0,45,0,0,0
0.0,0.0,0.0,0.0,0.0,0.0,0.0,0.0,1.0,0.0,15136159,1506,15022,15,1506583,E M E I F FREY HENRIQUE,0,0,0,0,0,0,0,0,4,0,4,0,0,0,0,0,0,4,0,0,0
0.0,0.0,0.0,0.0,0.0,0.0,0.0,0.0,0.0,1.0,15136345,1506,15022,15,1506583,E M E F PROFª CLEUFES GUERREIRO DE CASTRO,0,0,0,0,0,0,0,0,8,0,8,0,0,0,0,0,0,19,0,0,0
0.0,0.0,0.0,0.0,0.0,0.0,1.0,0.0,0.0,0.0,15138909,1503,15007,15,1501402,C E I F MARGARIDA BRUNO DE AVELAR,0,0,0,0,0,0,0,0,0,0,0,0,0,0,0,0,0,1,0,0,0
1.0,0.0,1.0,0.0,0.0,0.0,0.0,0.0,1.0,1.0,15143511,1506,15021,15,1506161,E M E F FREI GIL DE VILANOVA,0,0,0,0,0,0,0,0,1,0,1,0,0,0,0,0,0,39,0,0,0
0.0,0.0,0.0,0.0,0.0,0.0,0.0,0.0,1.0,1.0,15150283,1506,15016,15,1508100,E M E F SANTO ANTONIO,0,0,0,0,0,0,0,0,2,0,0,0,2,0,1,0,0,2,0,0,0
0.0,0.0,0.0,0.0,0.0,0.0,0.0,0.0,1.0,0.0,15151646,1506,15021,15,1506138,E M E F KYAREN PERSIA DE ALCANTARA,0,0,0,0,0,0,0,0,0,0,0,0,0,0,0,0,0,18,0,0,0
0.0,0.0,0.0,0.0,0.0,0.0,0.0,0.0,1.0,0.0,15151697,1506,15021,15,1506138,E M E I F VALDINEA DA SILVA MORAIS,0,0,0,0,0,0,0,0,6,4,0,2,0,0,0,0,0,6,0,0,0
1.0,0.0,0.0,0.0,1.0,1.0,0.0,0.0,1.0,1.0,15152219,1503,15007,15,1500800,COLEGIO ADVENTISTA DA CIDADE NOVA,0,0,0,0,0,0,0,0,0,0,0,0,0,0,0,0,0,18,0,0,0
0.0,0.0,0.0,0.0,0.0,0.0,0.0,0.0,1.0,1.0,15155005,1503,15007,15,1501402,COLEGIO IMPACTO DE ICOARACI,0,0,0,0,0,0,0,0,0,0,0,0,0,0,0,0,0,7,0,0,0
1.0,0.0,0.0,0.0,0.0,0.0,0.0,0.0,1.0,1.0,15156028,1503,15007,15,1501402,COLEGIO PEQUENO PRINCIPEAVANTE,0,0,0,0,0,0,0,0,0,0,0,0,0,0,0,0,0,22,0,0,0
0.0,0.0,1.0,0.0,0.0,0.0,0.0,0.0,0.0,1.0,15157490,1501,15002,15,1506807,CENTRO EDUCACIONAL CASINHA DO SABER,0,0,0,0,0,0,0,0,0,0,0,0,0,0,0,0,0,3,0,0,0
0.0,0.0,0.0,0.0,0.0,0.0,1.0,0.0,0.0,0.0,15157555,1504,15010,15,1506609,E M E I F PROF IVO MACIEL DA SILVA,0,0,0,0,0,0,0,0,1,1,0,0,0,0,0,0,0,10,0,0,0
1.0,0.0,0.0,0.0,1.0,1.0,0.0,0.0,1.0,1.0,15159264,1503,15007,15,1501402,CENTRO DE ESTUDOS ANTENOR REIS - AGUAS LINDAS,0,0,0,0,0,0,0,0,0,0,0,0,0,0,0,0,0,1,0,0,0
1.0,0.0,0.0,0.0,1.0,1.0,0.0,0.0,1.0,1.0,15160319,1505,15014,15,1503606,CENTRO EDUC POLEGAR LTDA,0,0,0,0,0,0,0,0,0,0,0,0,0,0,0,0,0,8,0,0,0
0.0,0.0,0.0,0.0,0.0,0.0,0.0,0.0,1.0,0.0,15163865,1503,15007,15,1501402,SISTEMA DE ENSINO CONTEMPORANEO,0,0,0,0,0,0,0,0,0,0,0,0,0,0,0,0,0,4,0,0,0
0.0,0.0,0.0,0.0,1.0,1.0,0.0,0.0,1.0,1.0,15204200,1501,15002,15,1506807,E M E I E F PROFª Mª DA CONCEICAO FIGUEIRA CARDOSO,0,0,0,0,0,0,0,0,0,0,0,0,0,0,0,0,0,21,0,0,0
0.0,0.0,0.0,0.0,1.0,1.0,0.0,0.0,1.0,0.0,15221806,1501,15002,15,1506807,E M E F CESAR SIMOES RAMALHEIRO,0,0,0,0,0,0,0,0,0,0,0,0,0,0,0,0,0,22,0,0,0
0.0,0.0,0.0,0.0,1.0,1.0,0.0,0.0,1.0,1.0,15519503,1506,15020,15,1504208,INSTITUTO DE ENSINO EXITO LTDA EPP,0,0,0,0,0,0,0,0,0,0,0,0,0,0,0,0,0,3,0,0,0
0.0,0.0,0.0,0.0,0.0,0.0,1.0,0.0,0.0,0.0,15520609,1504,15011,15,1502103,E M E I F PROFA CELECINA BRAGA DE MELO,0,0,0,0,0,0,0,0,0,0,0,0,0,0,0,0,0,65,0,0,0
1.0,0.0,0.0,0.0,1.0,1.0,0.0,0.0,1.0,1.0,15523403,1503,15007,15,1500800,CENTRO EDUC NSRA DE FATIMA,0,0,0,0,0,0,0,0,0,0,0,0,0,0,0,0,0,33,0,0,0
0.0,0.0,0.0,0.0,0.0,0.0,0.0,0.0,1.0,0.0,15526380,1503,15008,15,1506500,EMEIF AGRICOLA FELIPE DE PAULA,0,0,0,0,0,0,0,0,8,3,5,0,0,0,0,0,0,8,0,0,0
0.0,0.0,0.0,1.0,0.0,0.0,1.0,0.0,0.0,0.0,15531074,1504,15011,15,1502103,E M E I F DEMOSTENES RANIERI,0,0,0,0,0,0,0,0,5,0,5,0,0,0,5,0,0,5,0,0,0
0.0,0.0,0.0,1.0,0.0,0.0,1.0,0.0,0.0,0.0,15531147,1504,15011,15,1502103,E M E I F DE PORTO ALEGRE,0,0,0,0,0,0,0,0,1,0,1,0,0,0,0,0,0,1,0,0,0
0.0,0.0,0.0,0.0,0.0,0.0,0.0,0.0,1.0,0.0,15533646,1506,15016,15,1508100,E M E F PRESIDENTE PRUDENTE DE MORAES,0,0,0,0,0,0,0,0,3,0,0,0,0,2,1,0,0,3,0,0,0
0.0,0.0,0.0,0.0,0.0,0.0,0.0,0.0,1.0,1.0,15533956,1501,15003,15,1500503,E M E F PROF RAIMUNDO DOS SANTOS,0,0,0,0,0,0,0,0,1,1,0,0,0,0,0,0,0,1,0,0,0
0.0,0.0,0.0,0.0,0.0,0.0,1.0,0.0,0.0,0.0,15534189,1501,15003,15,1500503,E M E F NOVO HORIZONTE - RIO CHICAIA,0,0,0,0,0,0,0,0,5,0,0,0,0,1,4,0,0,5,0,0,0
2.0,0.0,0.0,0.0,1.0,1.0,0.0,0.0,1.0,1.0,15539830,1504,15010,15,1501709,CENTRO EDUCACIONAL JOAO PAULO II,4,0,0,1,2,0,1,0,0,0,0,0,0,0,0,0,0,148,0,0,0
0.0,0.0,0.0,0.0,0.0,0.0,1.0,0.0,0.0,0.0,15540200,1506,15021,15,1506138,E M EI F BELA VISTA,0,0,0,0,0,0,0,0,26,9,12,5,0,0,0,0,0,26,0,0,0
0.0,0.0,0.0,0.0,0.0,0.0,1.0,0.0,0.0,0.0,15541991,1506,15021,15,1506161,E M E F EDUC EVAN BOM SAMARITANO,0,0,0,0,0,0,0,0,0,0,0,0,0,0,0,0,0,23,0,0,0
0.0,0.0,0.0,0.0,0.0,0.0,0.0,0.0,1.0,0.0,15542840,1506,15019,15,1502772,E M E I F RUTH MONTEIRO ALMEIDA,0,0,0,0,0,0,0,0,0,0,0,0,0,0,0,0,0,4,0,0,0
0.0,0.0,0.0,0.0,0.0,0.0,0.0,0.0,0.0,0.0,15547574,1504,15011,15,1502103,E M E I F SANTA TEREZINHA,0,0,0,0,0,0,0,0,15,0,15,0,0,0,0,0,0,55,1,0,0
0.0,0.0,0.0,0.0,0.0,0.0,0.0,0.0,0.0,0.0,15549232,1506,15022,15,1503044,E M E F MONSENHOR AUGUSTO DIAS DE BRITO,0,0,0,0,0,0,0,0,0,0,0,0,0,0,0,0,0,4,0,0,0
0.0,0.0,0.0,0.0,0.0,0.0,0.0,0.0,1.0,1.0,15553582,1506,15019,15,1505536,E M E F 18 DE OUTUBRO,0,0,0,0,0,0,0,0,2,0,2,0,0,0,0,0,0,2,0,0,0
0.0,0.0,0.0,0.0,1.0,1.0,1.0,0.0,0.0,0.0,15558215,1503,15008,15,1506500,EMEIF IRMA ALBERTINA LEITAO,1,0,0,0,1,0,0,0,1,0,1,0,0,0,0,0,0,15,0,0,0
0.0,0.0,0.0,0.0,1.0,0.0,0.0,0.0,1.0,0.0,15558266,1504,15013,15,1508308,E M E F REUNIDA EM ACAITEUA,0,0,0,0,0,0,0,0,0,0,0,0,0,0,0,0,0,4,0,0,0
1.0,0.0,0.0,0.0,1.0,1.0,0.0,0.0,1.0,1.0,15560759,1501,15002,15,1506807,COLEGIO BATISTA DE SANTAREM,0,0,0,0,0,0,0,0,0,0,0,0,0,0,0,0,0,39,0,0,0
0.0,0.0,0.0,0.0,0.0,0.0,0.0,0.0,0.0,0.0,15562174,1504,15011,15,1502103,E M E I F DIVINO ESPIRITO SANTO,0,0,0,0,0,0,0,0,0,0,0,0,0,0,0,0,0,4,0,0,0
0.0,0.0,0.0,0.0,1.0,1.0,0.0,0.0,1.0,1.0,15563448,1503,15007,15,1500800,ESCOLA MADRE CELESTE,0,0,0,0,0,0,0,0,0,0,0,0,0,0,0,0,0,16,0,0,0
0.0,0.0,2.0,0.0,1.0,1.0,0.0,0.0,1.0,1.0,15567672,1503,15007,15,1501402,COLEGIO CEI,0,0,0,0,0,0,0,0,0,0,0,0,0,0,0,0,0,3,0,0,0
1.0,0.0,0.0,0.0,0.0,0.0,0.0,0.0,1.0,0.0,15567761,1503,15007,15,1501402,CENTRO DE ENSINO TECNICO IDEAL,0,0,0,0,0,0,0,0,0,0,0,0,0,0,0,0,0,175,0,0,0
0.0,0.0,0.0,0.0,0.0,0.0,0.0,0.0,1.0,1.0,15567770,1503,15007,15,1501402,CENTRO DE ESTUDOS JOHN KNOX,0,0,0,0,0,0,0,0,0,0,0,0,0,0,0,0,0,92,0,0,0
1.0,0.0,0.0,0.0,1.0,1.0,0.0,0.0,1.0,1.0,15570533,1503,15007,15,1500800,CENTRO DE ENSINO PLENO IDEAL,7,1,0,0,6,0,2,0,0,0,0,0,0,0,0,0,0,71,0,0,0
1.0,0.0,0.0,0.0,1.0,1.0,0.0,0.0,1.0,1.0,15570541,1503,15007,15,1501402,COLEGIO SANTA MADRE,0,0,0,0,0,0,0,0,0,0,0,0,0,0,0,0,0,5,0,0,0
0.0,0.0,0.0,0.0,0.0,0.0,0.0,0.0,1.0,1.0,15571360,1504,15013,15,1507201,E M E F PROFA LECY OLIVEIRA NASCIMENTO,0,0,0,0,0,0,0,0,0,0,0,0,0,0,0,0,0,2,0,0,0
0.0,0.0,0.0,0.0,0.0,0.0,0.0,0.0,0.0,0.0,15571688,1506,15016,15,1508100,E M E F MARIANA LEAO DIAS,0,0,0,0,0,0,0,0,0,0,0,0,0,0,0,0,0,3,0,0,0
1.0,0.0,0.0,0.0,0.0,0.0,0.0,0.0,1.0,1.0,15572005,1503,15007,15,1500800,COLEGIO INTELECTUAL,0,0,0,0,0,0,0,0,0,0,0,0,0,0,0,0,0,14,0,0,0
0.0,0.0,0.0,0.0,1.0,1.0,0.0,0.0,1.0,1.0,15572498,1503,15007,15,1504422,ESC PART CENTRO EDUC GIRASSOL S - A LTDA,0,0,0,0,0,0,0,0,0,0,0,0,0,0,0,0,0,14,0,0,0
0.0,0.0,0.0,0.0,0.0,0.0,1.0,0.0,0.0,1.0,15572560,1501,15002,15,1506807,E M E F ELOINA COLARES E SILVA,1,0,0,0,1,0,0,0,0,0,0,0,0,0,0,0,0,27,0,0,0
0.0,0.0,0.0,0.0,0.0,0.0,1.0,0.0,0.0,0.0,15573656,1504,15013,15,1508308,E M E F EM PIQUI,0,0,0,0,0,0,0,0,0,0,0,0,0,0,0,0,0,3,0,0,0
0.0,0.0,0.0,0.0,1.0,1.0,0.0,0.0,0.0,1.0,15573907,1506,15020,15,1504208,CENTRO DE EDUCACAO GLOBO,0,0,0,0,0,0,0,0,0,0,0,0,0,0,0,0,0,43,0,0,0
1.0,0.0,0.0,0.0,0.0,0.0,0.0,0.0,1.0,0.0,15573940,1506,15017,15,1506187,COMPLEXO EDUCACIONAL PINGO DE GENTE,0,0,0,0,0,0,0,0,0,0,0,0,0,0,0,0,0,2,0,0,0
0.0,0.0,0.0,0.0,0.0,0.0,0.0,0.0,1.0,1.0,15574628,1501,15002,15,1506807,E M E I F MAESTRO WILSOM FONSECA,0,0,0,0,0,0,0,0,1,0,1,0,0,0,0,0,0,6,0,0,0
1.0,0.0,1.0,0.0,0.0,0.0,0.0,0.0,1.0,1.0,15575055,1506,15022,15,1502707,IEMUC - INSTITUTO DE EDUCACAO MUNDO DO CONHECIMENTO,0,0,0,0,0,0,0,0,0,0,0,0,0,0,0,0,0,13,0,0,0
0.0,0.0,2.0,0.0,1.0,1.0,0.0,0.0,1.0,1.0,15577708,1503,15007,15,1501402,COLEGIO DE ENSINO ICOARACIENSE - CEI,0,0,0,0,0,0,0,0,0,0,0,0,0,0,0,0,0,3,0,0,0
1.0,0.0,0.0,0.0,1.0,1.0,0.0,0.0,1.0,1.0,15577740,1506,15020,15,1504208,E E F M ALVORADA,1,0,0,0,1,0,0,0,0,0,0,0,0,0,0,0,0,16,0,0,0
1.0,0.0,0.0,0.0,1.0,1.0,0.0,0.0,1.0,1.0,15577813,1503,15007,15,1501402,CENTRO DE EDUCACAO MONTESSORIANA DO PARA,0,0,0,0,0,0,0,0,0,0,0,0,0,0,0,0,0,70,0,0,0
0.0,0.0,0.0,0.0,1.0,0.0,0.0,0.0,0.0,1.0,15579131,1504,15012,15,1508001,ESCOLA DE ENSINO FUNDAMENTAL E MEDIO NIKKEI DE TOME-ACU,0,0,0,0,0,0,0,0,0,0,0,0,0,0,0,0,0,17,0,0,0
1.0,0.0,1.0,0.0,1.0,1.0,1.0,0.0,0.0,1.0,15584763,1503,15007,15,1501402,CENTRO NIPONICO ADVENTISTA,0,0,0,0,0,0,0,0,0,0,0,0,0,0,0,0,0,37,0,0,0
0.0,0.0,0.0,0.0,0.0,0.0,0.0,0.0,1.0,1.0,15585310,1506,15016,15,1508100,E M E I F BOM JESUS,0,0,0,0,0,0,0,0,2,0,2,0,0,0,0,0,0,2,0,0,0
1.0,0.0,0.0,0.0,1.0,1.0,0.0,0.0,1.0,1.0,15586308,1505,15015,15,1508159,INSTITUTO ADVENTISTA TRANSAMAZONICO AGROINDUSTRIAL-IATAI,0,0,0,0,0,0,0,0,0,0,0,0,0,0,0,0,0,5,0,0,0
0.0,0.0,1.0,0.0,0.0,0.0,0.0,0.0,0.0,1.0,15586715,1503,15007,15,1501402,COLEGIO IMPACTO,0,0,0,0,0,0,0,0,0,0,0,0,0,0,0,0,0,2,0,0,0
1.0,0.0,0.0,0.0,1.0,1.0,0.0,0.0,1.0,1.0,15586758,1503,15008,15,1506500,COLEGIO CONEXAO,0,0,0,0,0,0,0,0,0,0,0,0,0,0,0,0,0,3,0,0,0
0.0,0.0,0.0,0.0,0.0,0.0,0.0,0.0,0.0,0.0,15588300,1503,15008,15,1502400,CENTRO DE APRENDIZAGEM ELIANA VEIGA,0,0,0,0,0,0,0,0,0,0,0,0,0,0,0,0,0,3,0,0,0
1.0,0.0,1.0,0.0,0.0,0.0,0.0,0.0,1.0,1.0,15588394,1503,15008,15,1502400,AUREA LUCIA DA SILVA ME CENTRO EDSILVA MACHADO,0,0,0,0,0,0,0,0,0,0,0,0,0,0,0,0,0,8,0,0,0
0.0,0.0,0.0,0.0,1.0,1.0,0.0,0.0,1.0,1.0,15589226,1506,15019,15,1505536,E M E F JOZIAS LEAO DA SILVA,0,0,0,0,0,0,0,0,0,0,0,0,0,0,0,0,0,8,0,0,0
0.0,0.0,1.0,0.0,1.0,1.0,0.0,0.0,1.0,1.0,15591000,1503,15007,15,1501402,COLEGIO SUCESSO,0,0,0,0,0,0,0,0,0,0,0,0,0,0,0,0,0,31,0,0,0
0.0,0.0,0.0,0.0,1.0,1.0,0.0,0.0,1.0,1.0,15806731,1506,15021,15,1506138,ESCOLA ADVENTISTA DE REDENCAO,0,0,0,0,0,0,0,0,0,0,0,0,0,0,0,0,0,1,0,0,0
0.0,0.0,0.0,0.0,0.0,0.0,0.0,0.0,1.0,1.0,16000307,1601,16001,16,1600501,ESC EST JOAQUIM CAETANO DA SILVA,0,0,0,0,0,0,0,0,0,0,0,0,0,0,0,0,0,65,0,0,0
0.0,0.0,0.0,0.0,1.0,1.0,0.0,0.0,0.0,0.0,16000480,1601,16001,16,1600501,ESC MUL PROF MARCIA DO SOCORRO LIMA DE FRANCA,0,0,0,0,0,0,0,0,0,0,0,0,0,0,0,0,0,1,0,0,0
0.0,0.0,0.0,0.0,0.0,0.0,0.0,0.0,1.0,0.0,16000587,1601,16001,16,1600501,ESC EST DUQUE DE CAXIAS,0,0,0,0,0,0,0,0,1,0,1,0,0,0,0,0,0,1,0,0,0
0.0,0.0,0.0,0.0,0.0,0.0,0.0,0.0,1.0,1.0,16000862,1601,16002,16,1600550,ESC EST ERNESTO PEREIRA COLARES,0,0,0,0,0,0,0,0,0,0,0,0,0,0,0,0,0,1,0,0,0
0.0,0.0,0.0,0.0,0.0,0.0,0.0,0.0,1.0,0.0,16000870,1601,16002,16,1600550,ESC EST PEDRO TEIXEIRA,0,0,0,0,0,0,0,0,1,0,0,1,0,1,0,0,0,1,0,0,0
0.0,0.0,0.0,0.0,1.0,1.0,0.0,0.0,1.0,1.0,16001184,1601,16002,16,1600709,ESC EST PROF MARIA JOSE DE NAZARE F LIMA,1,0,0,0,1,0,0,0,0,0,0,0,0,0,0,0,0,25,3,0,0
0.0,0.0,0.0,0.0,0.0,0.0,1.0,0.0,0.0,0.0,16001206,1602,16003,16,1600055,ESC EST COLONIA DE AGUA BRANCA,0,0,0,0,0,0,0,0,9,0,0,9,0,0,0,0,0,19,0,0,0
0.0,0.0,0.0,0.0,0.0,0.0,1.0,0.0,0.0,1.0,16001273,1602,16003,16,1600154,ESC EST JOSE FERNANDES DA SILVA,0,0,0,0,0,0,0,0,0,0,0,0,0,0,0,0,0,7,0,0,0
2.0,0.0,0.0,0.0,1.0,1.0,0.0,0.0,1.0,1.0,16002024,1602,16003,16,1600303,MODERNO CENT DE ENSINO EDUC E CULTURA,0,0,0,0,0,0,0,0,0,0,0,0,0,0,0,0,0,161,0,0,0
0.0,0.0,0.0,0.0,0.0,0.0,0.0,0.0,1.0,0.0,16002296,1602,16003,16,1600303,ESC EST BARAO DO RIO BRANCO,0,0,0,0,0,0,0,0,0,0,0,0,0,0,0,0,0,1,0,0,0
0.0,0.0,0.0,0.0,0.0,0.0,0.0,0.0,1.0,0.0,16002326,1602,16003,16,1600303,ESC EST CECILIA PINTO,0,0,0,0,0,0,0,0,0,0,0,0,0,0,0,0,0,71,0,0,0
0.0,0.0,0.0,0.0,1.0,1.0,0.0,0.0,1.0,1.0,16002415,1602,16003,16,1600303,ESC EST EDGAR LINO DA SILVA,0,0,0,0,0,0,0,0,0,0,0,0,0,0,0,0,0,3,0,0,0
0.0,0.0,0.0,0.0,1.0,1.0,0.0,0.0,0.0,1.0,16002440,1602,16003,16,1600303,ESC EST GONCALVES DIAS,1,0,0,0,1,0,1,0,0,0,0,0,0,0,0,0,0,11,0,0,0
0.0,0.0,0.0,0.0,0.0,0.0,1.0,0.0,0.0,1.0,16002911,1602,16003,16,1600303,ESC MUL PROF EUNICE DAS CHAGAS FERNANDES SOUSA,0,0,0,0,0,0,0,0,0,0,0,0,0,0,0,0,0,1,0,0,0
1.0,0.0,0.0,0.0,0.0,0.0,0.0,0.0,1.0,1.0,16003438,1602,16003,16,1600303,ESC EST PROF NELITA ROCHA BRITO DIAS,1,0,0,0,1,0,1,0,0,0,0,0,0,0,0,0,0,2,0,0,0
0.0,0.0,0.0,0.0,0.0,0.0,0.0,0.0,1.0,1.0,16003578,1602,16003,16,1600303,ESCOLA SESC ANTONIO OLIVEIRA SANTOS,0,0,0,0,0,0,0,0,0,0,0,0,0,0,0,0,0,30,0,0,0
0.0,0.0,0.0,0.0,0.0,0.0,0.0,0.0,1.0,0.0,16004353,1602,16003,16,1600600,ESC EST EVERALDO DA S VASCONCELOS JR,1,1,0,0,0,0,0,0,0,0,0,0,0,0,0,0,0,6,0,0,0
0.0,0.0,0.0,0.0,0.0,0.0,1.0,0.0,0.0,0.0,16004698,1602,16003,16,1600600,FUNDACAO ORVALHO DE HERMON - ESCOLA JARDIM DE DEUS,0,0,0,0,0,0,0,0,0,0,0,0,0,0,0,0,0,1,0,0,0
0.0,0.0,0.0,0.0,1.0,1.0,1.0,0.0,0.0,0.0,16004779,1602,16003,16,1600600,ESC CRIANCAS ALEGRES,1,0,0,0,1,0,0,0,0,0,0,0,0,0,0,0,0,24,0,0,0
0.0,0.0,0.0,0.0,0.0,0.0,1.0,0.0,0.0,0.0,16005538,1602,16004,16,1600402,ESC MUL DOMINGOS VALENTE BARRETO,0,0,0,0,0,0,0,0,1,0,1,0,0,0,0,0,0,1,0,0,0
0.0,0.0,0.0,0.0,0.0,0.0,0.0,0.0,1.0,1.0,16005783,1602,16004,16,1600402,ESC EST FAGUNDES VARELA,1,1,0,0,0,0,0,0,1,0,0,1,0,1,0,0,0,33,0,0,0
0.0,0.0,0.0,0.0,1.0,1.0,0.0,0.0,1.0,0.0,16006798,1602,16003,16,1600303,ESC EST PROF HELENISE WALMIRA DIAS SANTOS,0,0,0,0,0,0,0,0,2,0,2,0,0,0,0,0,0,2,0,0,0
0.0,0.0,0.0,0.0,0.0,0.0,0.0,0.0,1.0,1.0,16006933,1602,16003,16,1600535,ESC EST JOSE RIBAMAR TEIXEIRA,0,0,0,0,0,0,0,0,0,0,0,0,0,0,0,0,0,1,0,0,0
0.0,0.0,0.0,1.0,1.0,1.0,0.0,0.0,0.0,0.0,16007930,1601,16001,16,1600501,ESC MUL PROF MARIA LEOPOLDINA A RODRIGUES,0,0,0,0,0,0,0,0,0,0,0,0,0,0,0,0,0,10,0,0,0
0.0,0.0,0.0,0.0,1.0,1.0,0.0,0.0,1.0,1.0,16008510,1602,16003,16,1600303,ESC MUL PROF MARIA BERNADETE ALMEIDA DO NASCIMENTO,0,0,0,0,0,0,0,0,0,0,0,0,0,0,0,0,0,1,0,0,0
0.0,0.0,0.0,0.0,0.0,0.0,0.0,0.0,1.0,1.0,16008600,1601,16001,16,1600204,ESC MUL PROF GEOVAN PINHEIRO DOS SANTOS,0,0,0,0,0,0,0,0,7,6,0,1,0,0,0,0,0,9,0,0,0
0.0,0.0,0.0,0.0,1.0,1.0,0.0,0.0,1.0,1.0,16008626,1602,16003,16,1600303,ESC EST RAIMUNDA DOS PASSOS SANTOS,0,0,0,0,0,0,0,0,0,0,0,0,0,0,0,0,0,1,0,0,0
1.0,0.0,0.0,0.0,0.0,0.0,0.0,0.0,1.0,0.0,16009762,1602,16003,16,1600303,CEDAP - CENTRO DE EDUCACAO DO AMAPA,0,0,0,0,0,0,0,0,0,0,0,0,0,0,0,0,0,46,0,0,0
0.0,0.0,0.0,0.0,1.0,1.0,0.0,0.0,1.0,1.0,16010418,1602,16003,16,1600303,ESC EST PROF MARIA CAVALCANTE DE AZEVEDO PICANCO,0,0,0,0,0,0,0,0,8,0,4,4,0,0,0,0,0,22,1,0,0
0.0,0.0,0.0,0.0,0.0,0.0,0.0,0.0,0.0,0.0,16010760,1601,16001,16,1600501,ESC MUL CAMILO MONTEIRO DOS REIS,0,0,0,0,0,0,0,0,0,0,0,0,0,0,0,0,0,2,0,0,0
0.0,0.0,0.0,0.0,0.0,0.0,1.0,0.0,0.0,0.0,16011139,1601,16001,16,1600501,ESC INDIGENA MUL KUMARUMA,0,0,0,0,0,0,0,0,0,0,0,0,0,0,0,0,0,1,0,0,1
0.0,0.0,0.0,0.0,1.0,1.0,0.0,0.0,0.0,1.0,16011341,1602,16003,16,1600303,ESC EST PROF RISALVA FREITAS DO AMARAL,0,0,0,0,0,0,0,0,0,0,0,0,0,0,0,0,0,28,0,0,0
0.0,0.0,0.0,1.0,0.0,0.0,0.0,0.0,0.0,0.0,16016602,1601,16001,16,1600501,ESC MUL PROF ALCIANE BARBOSA DA SILVA,0,0,0,0,0,0,0,0,0,0,0,0,0,0,0,0,0,2,0,0,0
1.0,0.0,0.0,0.0,0.0,0.0,0.0,0.0,1.0,0.0,16030001,1602,16003,16,1600154,ESC MUL JOSEFA NERY DA COSTA,0,0,0,0,0,0,0,0,0,0,0,0,0,0,0,0,0,1,0,0,0
0.0,0.0,0.0,0.0,1.0,1.0,1.0,0.0,0.0,1.0,16042000,1602,16003,16,1600303,ESC MUL MARIA LUIZA BELLO DA SILVA,0,0,0,0,0,0,0,0,0,0,0,0,0,0,0,0,0,1,0,0,0
0.0,0.0,0.0,0.0,0.0,0.0,1.0,0.0,0.0,0.0,17000041,1701,17001,17,1701002,ESCOLA ESTADUAL PRESIDENTE COSTA E SILVA,0,0,0,0,0,0,0,0,0,0,0,0,0,0,0,0,0,1,0,0,0
0.0,0.0,0.0,0.0,0.0,0.0,1.0,0.0,0.0,0.0,17000769,1701,17001,17,1702208,ESC MUNICIPAL PADRE VITORIO,0,0,0,0,0,0,0,0,5,0,2,3,0,0,0,0,0,9,0,0,0
0.0,0.0,0.0,0.0,0.0,0.0,0.0,0.0,1.0,1.0,17001021,1701,17001,17,1702554,ESC EST FAZENDA DEZESSEIS,2,0,0,0,2,0,0,0,3,0,3,0,0,0,0,0,0,16,0,0,0
0.0,0.0,0.0,0.0,0.0,0.0,0.0,0.0,1.0,1.0,17001030,1701,17001,17,1702554,ESC EST SANTA GENOVEVA,0,0,0,0,0,0,0,0,0,0,0,0,0,0,0,0,0,1,0,0,0
0.0,0.0,0.0,0.0,1.0,0.0,0.0,0.0,1.0,1.0,17001463,1701,17001,17,1703800,ESC EST PRES TANCREDO DE ALMEIDA NEVES,4,0,0,0,4,0,0,0,4,2,2,0,0,0,0,0,0,20,0,0,0
0.0,0.0,0.0,0.0,0.0,0.0,0.0,0.0,1.0,0.0,17001650,1701,17001,17,1703891,ESCOLA ESTADUAL CICERO GOMES DE JESUS,0,0,0,0,0,0,0,0,2,2,0,0,0,0,0,0,0,23,1,0,0
0.0,0.0,0.0,0.0,0.0,0.0,0.0,0.0,1.0,1.0,17001943,1701,17001,17,1710706,COLEGIO ESTADUAL OLAVO BILAC,0,0,0,0,0,0,0,0,0,0,0,0,0,0,0,0,0,19,0,0,0
0.0,0.0,0.0,0.0,1.0,1.0,0.0,0.0,1.0,0.0,17002435,1701,17001,17,1712801,ESCOLA ESTADUAL PEDRO LUDOVICO TEIXEIRA,0,0,0,0,0,0,0,0,0,0,0,0,0,0,0,0,0,2,0,0,0
0.0,0.0,0.0,0.0,1.0,1.0,0.0,0.0,1.0,1.0,17002648,1701,17001,17,1713809,COL EST RAIMUNDO NEIVA DE CARVALHO,0,0,0,0,0,0,0,0,9,6,2,1,0,0,0,0,0,19,0,0,0
0.0,0.0,0.0,0.0,1.0,1.0,0.0,0.0,1.0,1.0,17002737,1701,17001,17,1714302,COL EST PRES CASTELO BRANCO,2,1,0,0,2,0,1,0,2,1,1,0,0,0,0,0,0,15,0,0,0
0.0,0.0,0.0,0.0,1.0,0.0,0.0,0.0,1.0,1.0,17003717,1701,17001,17,1720200,ESC MUL JOAO PESSOA,1,0,0,0,1,0,0,0,1,0,1,0,0,0,0,0,0,39,0,0,0
0.0,0.0,0.0,0.0,0.0,0.0,0.0,0.0,1.0,0.0,17003776,1701,17001,17,1720200,ESC MUL RUI BARBOSA,0,0,0,0,0,0,0,0,0,0,0,0,0,0,0,0,0,2,0,0,0
0.0,0.0,0.0,0.0,0.0,0.0,0.0,0.0,1.0,0.0,17003849,1701,17001,17,1720309,COL EST IRIO OLIVEIRA SOUZA,0,0,0,0,0,0,0,0,0,0,0,0,0,0,0,0,0,1,0,0,0
0.0,0.0,0.0,0.0,0.0,0.0,1.0,0.0,0.0,0.0,17003946,1701,17001,17,1720309,ESCOLA MUNICIPAL LETICIA CARNEIRO SOUZA,0,0,0,0,0,0,0,0,0,0,0,0,0,0,0,0,0,13,0,0,0
0.0,0.0,0.0,0.0,1.0,1.0,0.0,0.0,1.0,1.0,17004209,1701,17001,17,1721208,COLEGIO DOM ORIONE,0,0,0,0,0,0,0,0,4,0,4,0,0,0,0,0,0,6,0,0,0
0.0,0.0,0.0,0.0,1.0,1.0,0.0,0.0,1.0,1.0,17004314,1701,17001,17,1721208,ESC EST GIRASSOL DE TEMPO INTEGRAL PROF ALDENORA ALVES CORREIA,3,0,0,0,3,0,0,0,0,0,0,0,0,0,0,0,0,25,0,0,0
0.0,0.0,0.0,0.0,0.0,0.0,0.0,0.0,1.0,1.0,17004403,1701,17001,17,1700301,ESC MUL ANTONIO JOSE R FILHO,0,0,0,0,0,0,0,0,0,0,0,0,0,0,0,0,0,6,0,0,0
0.0,0.0,0.0,0.0,1.0,1.0,0.0,0.0,1.0,1.0,17004799,1701,17001,17,1721208,ESCOLA PAROQUIAL CRISTO REI,2,0,0,0,1,0,1,0,11,0,11,0,0,0,0,0,0,43,0,0,0
0.0,0.0,0.0,0.0,1.0,1.0,0.0,0.0,1.0,1.0,17004918,1701,17002,17,1701309,COL EST GETULIO VARGAS,0,0,0,0,0,0,0,0,0,0,0,0,0,0,0,0,0,5,0,0,0
0.0,0.0,1.0,0.0,1.0,1.0,0.0,1.0,1.0,1.0,17004942,1701,17002,17,1702109,ESCOLA DE ENSINO ESPECIAL RAIOS DE LUZ - APAE,4,0,0,2,4,0,0,0,0,0,0,0,0,0,0,0,4,4,0,0,0
0.0,0.0,1.0,0.0,1.0,1.0,0.0,0.0,1.0,1.0,17005230,1701,17002,17,1702109,ESCOLA ESPIRITA ANDRE LUIZ CONVENIADA,0,0,0,0,0,0,0,0,0,0,0,0,0,0,0,0,0,2,0,0,0
0.0,0.0,0.0,0.0,1.0,1.0,0.0,0.0,1.0,1.0,17005264,1701,17002,17,1702109,COLEGIO ESTADUAL CAMPOS BRASIL,0,0,0,0,0,0,0,0,0,0,0,0,0,0,0,0,0,38,0,0,0
0.0,0.0,0.0,0.0,1.0,1.0,0.0,0.0,1.0,1.0,17005337,1701,17002,17,1702109,COLEGIO ESTADUAL PROFESSORA SILVANDIRA SOUSA LIMA,0,0,0,0,0,0,0,0,0,0,0,0,0,0,0,0,0,10,0,0,0
0.0,0.0,0.0,0.0,1.0,9.0,0.0,0.0,1.0,0.0,17006147,1701,17002,17,1702109,ESCOLA MUNICIPAL SAO MIGUEL,1,0,0,0,1,0,0,0,0,0,0,0,0,0,0,0,0,6,0,0,0
0.0,0.0,0.0,0.0,1.0,1.0,0.0,0.0,1.0,1.0,17006201,1701,17002,17,1702109,ESCOLA MUNICIPAL TEREZA HILARIO RIBEIRO,1,0,0,0,1,0,0,0,0,0,0,0,0,0,0,0,0,5,0,0,0
0.0,0.0,0.0,0.0,1.0,1.0,1.0,0.0,0.0,1.0,17006872,1701,17002,17,1703008,ESCOLA ESTADUAL RUI BARBOSA,0,0,0,0,0,0,0,0,0,0,0,0,0,0,0,0,0,13,0,0,0
0.0,0.0,0.0,0.0,0.0,0.0,0.0,0.0,1.0,1.0,17007690,1701,17002,17,1705508,ESCOLA MUNICIPAL PRIMAVERA,0,0,0,0,0,0,0,0,0,0,0,0,0,0,0,0,0,1,0,0,0
0.0,0.0,0.0,0.0,1.0,0.0,0.0,0.0,1.0,1.0,17007895,1701,17002,17,1707702,ESC EST ADEUVALDO DE OLIVEIRA MORAES,4,1,1,1,3,0,1,0,1,0,1,0,0,0,0,0,0,8,0,0,0
0.0,0.0,1.0,0.0,1.0,1.0,0.0,0.0,1.0,1.0,17008867,1701,17002,17,1714880,COL EST DR HELIO SOUZA BUENO,0,0,0,0,0,0,0,0,4,4,0,0,0,0,0,0,0,19,0,0,0
0.0,0.0,0.0,0.0,1.0,1.0,1.0,0.0,0.0,1.0,17010535,1701,17003,17,1700251,COLEGIO ESTADUAL SAO PEDRO,0,0,0,0,0,0,0,0,6,1,0,5,0,0,0,0,0,15,0,0,0
0.0,0.0,0.0,0.0,1.0,1.0,0.0,0.0,0.0,0.0,17010934,1701,17003,17,1703107,ESC EST PRESIDENTE COSTA E SILVA,0,0,0,0,0,0,0,0,0,0,0,0,0,0,0,0,0,2,0,0,0
0.0,0.0,0.0,0.0,0.0,0.0,1.0,0.0,0.0,0.0,17012180,1701,17003,17,1713700,ESCOLA MUNICIPAL JOSE BENICIO MARIZ,1,0,0,0,1,0,0,0,0,0,0,0,0,0,0,0,0,8,0,0,0
0.0,0.0,0.0,0.0,0.0,0.0,0.0,0.0,1.0,1.0,17013461,1701,17003,17,1709302,ESCOLA MUNICIPAL SOSSEGO DA MAMAE,1,0,0,0,1,0,0,0,3,0,3,0,0,0,0,0,0,20,0,0,0
0.0,0.0,0.0,0.0,0.0,0.0,0.0,0.0,1.0,1.0,17014034,1701,17003,17,1709302,ESCOLA MUNICIPAL PROFESSORA MARIA DO SOCORRO COELHO SILVA,0,0,0,0,0,0,0,0,2,1,1,0,0,0,0,0,0,17,0,0,0
0.0,0.0,0.0,0.0,1.0,1.0,0.0,0.0,0.0,1.0,17014522,1701,17003,17,1712504,COLEGIO EST DAVID BARBOSA ROLINS,1,1,0,0,1,0,0,0,3,3,0,0,0,0,0,0,0,50,0,0,0
0.0,0.0,0.0,0.0,1.0,1.0,0.0,0.0,1.0,0.0,17015960,1701,17003,17,1716653,COLEGIO ESTADUAL BERNARDO SAYAO,1,0,0,0,0,1,0,1,0,0,0,0,0,0,0,0,0,5,0,0,0
0.0,0.0,0.0,0.0,1.0,1.0,1.0,0.0,0.0,0.0,17017041,1701,17003,17,1721307,ESC EST SAO TOMAS DE AQUINO,0,0,0,0,0,0,0,0,3,0,0,3,0,0,0,0,0,4,0,0,0
0.0,0.0,0.0,0.0,1.0,1.0,1.0,0.0,0.0,0.0,17017637,1701,17004,17,1702000,INSTITUTO EDUCACIONAL SOCIAL EVANGELICO DE ARAGUACU,0,0,0,0,0,0,0,0,0,0,0,0,0,0,0,0,0,2,0,0,0
0.0,0.0,0.0,0.0,0.0,0.0,0.0,0.0,1.0,1.0,17018994,1701,17004,17,1711902,COLEGIO ESTADUAL LAGOA DA CONFUSAO,0,0,0,0,0,0,0,0,1,0,1,0,0,0,0,0,0,43,0,0,43
0.0,0.0,0.0,0.0,1.0,0.0,0.0,0.0,1.0,1.0,17019125,1701,17004,17,1715002,ESCOLA ESTADUAL GIRASSOL DE TEMPO INTEGRAL REGINA SIQUEIRA CAMPOS,0,0,0,0,0,0,0,0,0,0,0,0,0,0,0,0,0,1,0,0,0
0.0,0.0,0.0,0.0,1.0,1.0,1.0,0.0,0.0,0.0,17019133,1701,17004,17,1715002,ESCOLA MUNICIPAL ABRAO JOSE DE MELO,0,0,0,0,0,0,0,0,1,0,1,0,0,0,0,0,0,2,0,0,0
0.0,0.0,0.0,0.0,1.0,1.0,0.0,0.0,1.0,1.0,17019192,1701,17004,17,1716109,COLEGIO ESTADUAL IDALINA DE PAULA,0,0,0,0,0,0,0,0,0,0,0,0,0,0,0,0,0,9,0,0,0
0.0,0.0,0.0,0.0,1.0,1.0,0.0,0.0,1.0,0.0,17019206,1701,17004,17,1716109,INSTITUTO PRESBITERIANO VALE DO TOCANTINS,1,0,0,0,1,0,0,0,1,0,0,1,0,0,0,0,0,99,0,0,0
0.0,0.0,0.0,0.0,1.0,1.0,0.0,0.0,0.0,0.0,17019290,1701,17004,17,1716109,COLEGIO ESTADUAL PROFESSOR JOSE NEZIO RAMOS,0,0,0,0,0,0,0,0,0,0,0,0,0,0,0,0,0,3,0,0,0
0.0,0.0,1.0,0.0,0.0,0.0,0.0,0.0,1.0,1.0,17019303,1701,17004,17,1716109,ESCOLA ESTADUAL SAO JOSE OPERARIO,0,0,0,0,0,0,0,0,0,0,0,0,0,0,0,0,0,11,0,0,0
0.0,0.0,0.0,0.0,0.0,0.0,0.0,0.0,1.0,1.0,17019400,1701,17004,17,1716109,ESCOLA MUNICIPAL DE 1º GRAU 23 DE OUTUBRO,0,0,0,0,0,0,0,0,0,0,0,0,0,0,0,0,0,1,0,0,0
0.0,0.0,0.0,0.0,0.0,0.0,0.0,0.0,1.0,1.0,17019419,1701,17004,17,1716109,ESCOLA MUNICIPAL DE 1º GRAU POUSO ALEGRE,0,0,0,0,0,0,0,0,0,0,0,0,0,0,0,0,0,3,0,0,0
0.0,0.0,0.0,0.0,1.0,1.0,0.0,0.0,1.0,1.0,17019427,1701,17004,17,1716109,ESCOLA MUNICIPAL IRMA JULITA,0,0,0,0,0,0,0,0,0,0,0,0,0,0,0,0,0,1,0,0,0
0.0,0.0,0.0,0.0,1.0,1.0,0.0,0.0,1.0,1.0,17019435,1701,17004,17,1716109,ESCOLA MUNICIPAL PROFESSORA LUZIA TAVARES,0,0,0,0,0,0,0,0,0,0,0,0,0,0,0,0,0,2,0,0,0
0.0,0.0,0.0,0.0,0.0,0.0,0.0,0.0,1.0,1.0,17019451,1701,17004,17,1716109,ESCOLA MUNICIPAL DE 1º GRAU JARDIM PAULISTA,0,0,0,0,0,0,0,0,0,0,0,0,0,0,0,0,0,10,0,0,0
0.0,0.0,0.0,0.0,0.0,0.0,0.0,0.0,1.0,1.0,17019699,1701,17004,17,1716109,ESCOLA MUNICIPAL VEREADOR JOSE ODETE,1,0,0,0,1,0,0,0,0,0,0,0,0,0,0,0,0,6,0,0,0
0.0,0.0,0.0,0.0,1.0,1.0,0.0,0.0,1.0,0.0,17019729,1701,17004,17,1717503,COL EST BARTOLOMEU BUENO,0,0,0,0,0,0,0,0,3,0,3,0,0,0,0,0,0,17,0,0,0
0.0,0.0,0.0,0.0,1.0,1.0,0.0,0.0,1.0,1.0,17019940,1701,17004,17,1717503,ESCOLA MUNICIPAL D LINDAURA OLIVEIRA MORAES,1,1,0,0,1,0,0,0,0,0,0,0,0,0,0,0,0,15,0,0,0
0.0,0.0,1.0,0.0,0.0,0.0,0.0,0.0,1.0,1.0,17020891,1701,17005,17,1703701,ESC EST JONAS PEREIRA LIMA,1,0,0,0,1,0,0,0,0,0,0,0,0,0,0,0,0,9,0,0,0
0.0,0.0,0.0,0.0,1.0,1.0,0.0,0.0,1.0,1.0,17021634,1701,17005,17,1709500,CENTRO EDUCACIONAL DE GURUPI,0,0,0,0,0,0,0,0,0,0,0,0,0,0,0,0,0,9,0,0,0
0.0,0.0,0.0,0.0,0.0,0.0,0.0,0.0,1.0,1.0,17021774,1701,17005,17,1709500,COLEGIO MILITAR DO ESTADO DO TOCANTINS PRESIDENTE COSTA E SILVA,3,0,0,1,3,0,0,0,0,0,0,0,0,0,0,0,0,25,0,8,0
0.0,0.0,0.0,0.0,1.0,1.0,0.0,0.0,1.0,1.0,17024790,1702,17006,17,1718204,CEM PROFESSOR FLORENCIO AIRES,1,0,0,0,1,0,0,0,0,0,0,0,0,0,0,0,0,7,0,0,0
0.0,0.0,0.0,0.0,1.0,1.0,0.0,0.0,1.0,1.0,17024951,1702,17006,17,1718204,ESCOLA ESTADUAL GIRASSOL DE TEMPO INTEGRAL IRMA ASPASIA,0,0,0,0,0,0,0,0,0,0,0,0,0,0,0,0,0,2,0,0,0
0.0,0.0,1.0,0.0,0.0,0.0,0.0,0.0,0.0,0.0,17025613,1702,17006,17,1718204,PRE ESCOLAR DELZA DA PAIXAO PEREIRA,0,0,0,0,0,0,0,0,0,0,0,0,0,0,0,0,0,3,0,0,0
0.0,0.0,0.0,0.0,1.0,1.0,0.0,0.0,1.0,1.0,17026156,1702,17006,17,1721000,COLEGIO ULBRA PALMAS,1,1,0,0,0,0,0,0,0,0,0,0,0,0,0,0,0,13,0,0,0
0.0,0.0,0.0,0.0,1.0,1.0,0.0,0.0,1.0,1.0,17026180,1702,17006,17,1721000,ESCOLA MUNICIPAL CRISPIM PEREIRA ALENCAR,2,0,0,0,2,0,0,0,4,0,4,0,0,0,0,0,0,43,0,0,0
0.0,0.0,0.0,0.0,1.0,1.0,0.0,0.0,1.0,1.0,17026300,1702,17006,17,1721000,ESCOLA ESTADUAL LIBERDADE,0,0,0,0,0,0,0,0,0,0,0,0,0,0,0,0,0,10,0,0,0
0.0,0.0,0.0,0.0,0.0,0.0,0.0,0.0,1.0,1.0,17026458,1702,17006,17,1721000,ESCOLA MUNICIPAL DE TEMPO INTEGRAL PROFESSORA SUELI PEREIRA DE ALMEIDA RECHE,3,0,0,0,2,0,1,0,15,15,0,0,0,0,0,0,0,15,0,0,0
0.0,0.0,0.0,0.0,1.0,1.0,0.0,0.0,1.0,1.0,17026547,1702,17006,17,1721000,ESCOLA MUNICIPAL DANIEL BATISTA,1,0,0,0,1,0,0,0,1,0,1,0,0,0,0,0,0,6,0,0,0
0.0,0.0,0.0,0.0,1.0,1.0,0.0,0.0,1.0,1.0,17026652,1702,17006,17,1712009,ESC MUL JUSCELINO KUBITSCHEK,1,0,0,1,1,0,0,0,12,6,5,1,0,0,0,0,0,17,0,0,0
0.0,0.0,0.0,0.0,1.0,1.0,0.0,0.0,1.0,1.0,17026660,1702,17006,17,1721000,ESCOLA MUNICIPAL DE TEMPO INTEGRAL - JORNADA AMPLIADA - VINICIUS DE MORAES,0,0,0,0,0,0,0,0,0,0,0,0,0,0,0,0,0,18,0,0,0
0.0,0.0,0.0,0.0,1.0,1.0,0.0,0.0,0.0,1.0,17026679,1702,17006,17,1721000,ESCOLA MUNICIPAL DE TEMPO INTEGRAL LUIZ NUNES DE OLIVEIRA,1,1,0,0,0,0,0,0,3,3,0,0,0,0,0,0,0,10,0,0,0
0.0,0.0,0.0,0.0,1.0,1.0,0.0,0.0,1.0,1.0,17026890,1702,17006,17,1721000,ESCOLA MUNICIPAL DE TEMPO INTEGRAL LUIZ RODRIGUES MONTEIRO,0,0,0,0,0,0,0,0,0,0,0,0,0,0,0,0,0,1,0,0,0
0.0,0.0,0.0,0.0,1.0,1.0,0.0,0.0,1.0,1.0,17027608,1702,17007,17,1703842,ESCOLA ESTADUAL MANOEL ALVES GRANDE,1,1,0,0,0,0,0,0,2,2,0,0,0,0,0,0,0,74,0,0,0
0.0,0.0,0.0,0.0,1.0,1.0,0.0,0.0,1.0,1.0,17031540,1702,17007,17,1718758,COLEGIO ESTADUAL DE RIO SONO,2,0,0,0,2,0,0,0,0,0,0,0,0,0,0,0,0,8,0,0,0
0.0,0.0,0.0,0.0,0.0,0.0,0.0,0.0,1.0,1.0,17032024,1702,17007,17,1719004,ESCOLA MUNICIPAL HORACIO JOSE RODRIGUES,0,0,0,0,0,0,0,0,1,0,0,1,0,0,0,0,0,22,0,0,0
0.0,0.0,0.0,0.0,1.0,1.0,0.0,0.0,1.0,1.0,17033594,1702,17008,17,1705557,ESCOLA ESTADUAL GIRASSOL DE TEMPO INTEGRAL COMBINADO,1,0,0,0,1,0,0,0,0,0,0,0,0,0,0,0,0,5,0,0,0
0.0,0.0,1.0,0.0,1.0,0.0,1.0,0.0,0.0,1.0,17036917,1702,17008,17,1720499,COLEGIO ESTADUAL REGINA SIQUEIRA CAMPOS,0,0,0,0,0,0,0,0,0,0,0,0,0,0,0,0,0,2,0,0,0
0.0,0.0,0.0,0.0,0.0,0.0,0.0,0.0,1.0,1.0,17037999,1701,17002,17,1701309,ESCOLA MUL CIRILO RIBEIRO SILVA,0,0,0,0,0,0,0,0,7,5,2,0,0,0,0,0,0,11,0,0,0
0.0,0.0,0.0,0.0,1.0,1.0,0.0,0.0,0.0,0.0,17038332,1701,17003,17,1700251,ESCOLA MUNICIPAL JULIO PINHEIRO,2,0,0,0,2,0,0,0,1,0,0,1,0,0,0,0,0,5,0,0,0
0.0,0.0,0.0,0.0,0.0,0.0,0.0,0.0,1.0,1.0,17038804,1702,17006,17,1721000,ESCOLA MUNICIPAL ANNE FRANK,3,0,1,0,2,0,0,0,3,0,3,0,0,0,0,0,0,72,0,0,0
1.0,0.0,0.0,0.0,1.0,1.0,0.0,0.0,1.0,1.0,17039355,1701,17004,17,1708205,COLEGIO DR DANTE PAZZANESE,0,0,0,0,0,0,0,0,0,0,0,0,0,0,0,0,0,197,0,13,0
0.0,0.0,0.0,0.0,1.0,1.0,0.0,0.0,1.0,1.0,17039436,1701,17003,17,1708254,ESCOLA ESTADUAL GIRASSOL DE TEMPO INTEGRAL MAJOR JUVENAL PEREIRA DE SOUZA,1,0,0,0,1,0,0,0,0,0,0,0,0,0,0,0,0,6,0,0,0
0.0,0.0,0.0,0.0,0.0,0.0,0.0,0.0,1.0,0.0,17039444,1701,17001,17,1721208,ESCOLA INDIGENA TEKATOR,0,0,0,0,0,0,0,0,2,0,2,0,0,0,0,0,0,4,0,0,4
0.0,0.0,0.0,0.0,1.0,1.0,0.0,0.0,1.0,1.0,17039789,1701,17003,17,1718402,ESC MUL RAIMUNDO BARBOSA DE SOUSA,0,0,0,0,0,0,0,0,0,0,0,0,0,0,0,0,0,15,0,0,0
0.0,0.0,0.0,0.0,1.0,1.0,0.0,0.0,1.0,1.0,17040027,1701,17002,17,1702109,ASSISTENCIA SOCIAL PENTECOSTAL DE ARAGUAINA -ASPA,0,0,0,0,0,0,0,0,0,0,0,0,0,0,0,0,0,5,0,0,0
0.0,0.0,0.0,0.0,1.0,0.0,0.0,0.0,1.0,1.0,17040051,1701,17005,17,1720259,COLEGIO ESTADUAL PORTO DO RIO MARANHAO,0,0,0,0,0,0,0,0,1,0,1,0,0,0,0,0,0,4,0,0,0
0.0,0.0,0.0,0.0,1.0,1.0,1.0,0.0,0.0,0.0,17040205,1701,17004,17,1716109,ESCOLA ESTADUAL DEUSA MORAES,0,0,0,0,0,0,0,0,0,0,0,0,0,0,0,0,0,4,0,0,0
0.0,0.0,0.0,0.0,1.0,1.0,0.0,0.0,1.0,0.0,17040825,1701,17003,17,1721307,ESCOLA MUL D BOSCO,0,0,0,0,0,0,0,0,2,0,2,0,0,0,0,0,0,4,0,0,0
0.0,0.0,0.0,0.0,0.0,0.0,0.0,0.0,1.0,1.0,17040930,1702,17006,17,1721000,ESCOLA MUNICIPAL HENRIQUE TALONE PINHEIRO,0,0,0,0,0,0,0,0,3,0,3,0,0,0,0,0,0,25,0,0,0
0.0,0.0,0.0,0.0,0.0,0.0,0.0,0.0,1.0,0.0,17041490,1702,17006,17,1701101,ESCOLA MUNICIPAL LUZA MACHADO DE MIRANDA,0,0,0,0,0,0,0,0,7,2,5,0,0,0,0,0,0,34,0,0,0
0.0,0.0,2.0,0.0,0.0,0.0,0.0,0.0,1.0,1.0,17043280,1702,17006,17,1721000,ESCOLA MUNICIPAL DE TEMPO INTEGRAL CAROLINE CAMPELO CRUZ DA SILVA,0,0,0,0,0,0,0,0,2,0,2,0,0,0,0,0,0,22,0,0,0
0.0,0.0,0.0,0.0,0.0,0.0,0.0,0.0,1.0,1.0,17043867,1701,17004,17,1716109,ESCOLA MUNICIPAL JOSE RIBEIRO TORRES,1,0,0,0,1,0,0,0,0,0,0,0,0,0,0,0,0,3,0,0,0
0.0,0.0,0.0,0.0,0.0,0.0,0.0,0.0,1.0,0.0,17044766,1701,17001,17,1718303,ESC MUNICIPAL PROFESSOR PARDAL,0,0,0,0,0,0,0,0,0,0,0,0,0,0,0,0,0,3,0,0,0
0.0,0.0,0.0,0.0,1.0,1.0,0.0,0.0,1.0,1.0,17045207,1701,17004,17,1716109,ESCOLA MUNICIPAL PROFESSORA ADELIA AGUIAR BARBOSA,0,0,0,0,0,0,0,0,0,0,0,0,0,0,0,0,0,12,0,0,0
0.0,0.0,0.0,0.0,0.0,0.0,0.0,0.0,1.0,0.0,17046661,1701,17005,17,1709500,ESCOLA SAGRADO CORACAO DE MARIA,0,0,0,0,0,0,0,0,0,0,0,0,0,0,0,0,0,1,0,0,0
0.0,0.0,0.0,0.0,1.0,0.0,0.0,0.0,1.0,1.0,17046777,1702,17006,17,1721000,COLEGIO BATISTA DE PALMAS - ASSOCIACAO CULTURAL EVANGELICA DE BRASILIA,0,0,0,0,0,0,0,0,0,0,0,0,0,0,0,0,0,3,0,0,0
0.0,0.0,0.0,0.0,1.0,1.0,0.0,0.0,1.0,1.0,17046807,1702,17006,17,1721000,COLEGIO MARISTA PALMAS,3,0,0,0,1,0,2,0,0,0,0,0,0,0,0,0,0,131,0,0,0
1.0,0.0,0.0,0.0,0.0,0.0,1.0,0.0,0.0,0.0,17046815,1702,17006,17,1709807,ESC MUL FIRMINA PEREIRA DOS SANTOS PINTO,1,0,0,0,1,0,0,0,2,2,0,0,0,0,0,0,0,30,0,0,0
0.0,0.0,0.0,0.0,1.0,1.0,0.0,0.0,1.0,1.0,17047790,1701,17001,17,1721208,COLEGIO ESTADUAL PROFESSOR JOSE CARNEIRO DE BRITO,0,0,0,0,0,0,0,0,0,0,0,0,0,0,0,0,0,5,0,0,0
1.0,0.0,1.0,0.0,1.0,1.0,0.0,0.0,1.0,1.0,17050030,1702,17006,17,1721000,COLEGIO MADRE CLELIA MERLONI,3,0,1,0,2,0,0,0,0,0,0,0,0,0,0,0,0,117,0,0,0
0.0,0.0,0.0,0.0,0.0,0.0,0.0,0.0,1.0,0.0,17050235,1702,17006,17,1721000,CENTRO MUNICIPAL DE EDUCACAO INFANTIL RECANTO INFANTIL,0,0,0,0,0,0,0,0,0,0,0,0,0,0,0,0,0,2,0,0,0
0.0,0.0,0.0,0.0,1.0,1.0,0.0,0.0,1.0,1.0,17050626,1701,17001,17,1718550,ESC MUL TEODORO SA,3,0,0,1,2,0,0,0,22,13,6,3,0,0,0,0,0,115,0,0,0
0.0,0.0,0.0,0.0,1.0,1.0,0.0,0.0,1.0,1.0,17051991,1702,17006,17,1721000,ESCOLA MUNICIPAL MARIA ROSA DE CASTRO SALES,0,0,0,0,0,0,0,0,0,0,0,0,0,0,0,0,0,27,0,0,0
0.0,0.0,0.0,0.0,0.0,0.0,0.0,0.0,1.0,1.0,17052645,1701,17002,17,1702109,SESC - SERVICO SOCIAL DO COMERCIO,0,0,0,0,0,0,0,0,0,0,0,0,0,0,0,0,0,24,0,0,0
0.0,0.0,0.0,0.0,1.0,1.0,0.0,0.0,1.0,1.0,17053552,1702,17006,17,1721000,ESCOLA MUNICIPAL ANTONIO GONCALVES DE CARVALHO FILHO,0,0,0,0,0,0,0,0,0,0,0,0,0,0,0,0,0,5,0,0,0
0.0,0.0,0.0,0.0,1.0,1.0,0.0,0.0,1.0,1.0,17054265,1702,17006,17,1721000,CENTRO EDUCACIONAL PRISMA,0,0,0,0,0,0,0,0,0,0,0,0,0,0,0,0,0,15,0,0,0
0.0,0.0,0.0,0.0,1.0,1.0,0.0,0.0,0.0,1.0,17054478,1701,17002,17,1702109,ESCOLA MUNICIPAL WILLIAM CASTELO BRANCO MARTINS,0,0,0,0,0,0,0,0,0,0,0,0,0,0,0,0,0,10,0,0,0
0.0,0.0,0.0,0.0,0.0,0.0,0.0,0.0,1.0,1.0,17066409,1702,17006,17,1721000,CENTRO EDUCACIONAL AQUARELA,1,0,0,0,0,0,1,0,0,0,0,0,0,0,0,0,0,20,0,0,0
0.0,0.0,0.0,0.0,0.0,0.0,0.0,0.0,1.0,1.0,17069408,1702,17006,17,1721000,ESCOLA MUNICIPAL DE TEMPO INTEGRAL EURIDICE FERREIRA DE MELLO,1,0,0,0,1,0,0,0,0,0,0,0,0,0,0,0,0,37,0,0,0
0.0,0.0,0.0,0.0,0.0,0.0,0.0,0.0,1.0,1.0,17072026,1701,17002,17,1702109,CENTRO DE ATIVIDADE DO TRABALHADOR,1,0,0,0,1,0,0,0,0,0,0,0,0,0,0,0,0,6,0,0,0
0.0,0.0,0.0,0.0,0.0,0.0,1.0,0.0,0.0,0.0,17079802,1701,17001,17,1718303,ESCOLA MUNICIPAL MELQUIADES CARDOSO,0,0,0,0,0,0,0,0,0,0,0,0,0,0,0,0,0,7,0,0,0
0.0,0.0,1.0,0.0,1.0,1.0,0.0,0.0,1.0,1.0,17082803,1701,17004,17,1716109,COLEGIO SAO GERALDO,0,0,0,0,0,0,0,0,0,0,0,0,0,0,0,0,0,24,0,0,0
0.0,0.0,0.0,0.0,1.0,1.0,1.0,0.0,0.0,0.0,17086809,1701,17003,17,1711100,ESCOLA MUNICIPAL DONA AUGUSTA MARIA DE JESUS,1,0,0,0,1,0,0,0,0,0,0,0,0,0,0,0,0,2,0,0,0
0.0,0.0,0.0,0.0,1.0,1.0,0.0,0.0,1.0,1.0,17119839,1702,17006,17,1721000,ESCOLA MUNICIPAL PROFESSORA SAVIA FERNANDES JACOME,0,0,0,0,0,0,0,0,0,0,0,0,0,0,0,0,0,4,0,0,0
